-4.680549813578842588e-01;-2.087708598019580863e-01;1.118528947223794701e-01
-4.439300157829640936e-01;2.851759613930135995e-01;-3.003262178416402639e-01
-5.953862308266293368e-01;-4.023278859936161300e-01;1.842330265121568944e-01
-5.113227103105180138e-01;-2.286509682261040899e-01;3.287375091519293413e-01
-5.890176782843378200e-01;-1.748166779732529541e-01;2.296061783380640708e-01
-3.772671706180059648e-01;-7.245898164145037068e-02;-4.745808732559048115e-01
-5.856440189236733485e-01;8.570691164702770592e-03;4.075664739260930203e-01
-2.665962434895765565e-01;3.714605901877177097e-01;3.036720768991144626e-01
-2.278644525941214694e-01;2.616196153287175807e-01;-2.623624560076003309e-01
-2.664702892391053179e-01;3.577468407475847822e-02;-4.097102299455916974e-01
-2.548272095905501633e-01;-3.256335709950085588e-01;1.909377381024659481e-01
-8.277779979878419070e-02;5.520081159946232940e-02;2.965057835600648506e-02
4.180571633304319690e-04;1.331014572732679424e-01;-1.609702089512993206e-01
-1.291357573488272070e-02;2.798755458576238642e-01;1.420316461542877606e-01
-3.512662106334139001e-01;1.918951976926932534e-01;1.519612595026005319e-01
-5.746003018407322971e-01;2.464914051180241428e-01;1.496328990472146625e-01
-8.063252321719075466e-01;-1.322841969405664786e-01;-2.347976323182745517e-01
-7.047570122019555239e-01;2.224521152615053232e-01;-2.192276375591442061e-01
-3.299388299106350564e-01;-4.028235062292314650e-01;1.150072266991697401e-01
-2.262692807204458312e-02;2.407686177542044392e-01;1.970157409952679739e-01
-1.017048210332248681e-01;1.499639307777651531e-01;2.019668772577033478e-01
-5.244170473600560101e-01;-4.060180601591310001e-01;7.828014099617397470e-02
-7.729394873481152395e-01;2.224326005480437018e-02;2.699935530986108390e-01
-8.483182788313923250e-01;3.135463156814799479e-02;4.063512161010651713e-02
-3.836996516988047112e-01;-1.770435270587540355e-01;2.951861947687036691e-01
-7.435629573289139760e-01;-2.497571018354046712e-01;4.922666470612047096e-02
-4.453941598899280319e-02;2.036578593800236758e-01;-2.582617091267480625e-02
-7.267981300899848396e-01;-6.614835076202696396e-02;-1.014952656026265609e-01
-5.253873853735288035e-01;1.258599157142363811e-01;3.136258580087702974e-03
-5.118300737934781131e-01;1.432882184423531768e-01;-4.174710950848337099e-02
-1.649289561961142514e-01;3.034809303848485795e-01;-2.179654274286935145e-01
-4.158724815698822130e-02;-7.100597262498165030e-02;2.508710677914973708e-01
-3.947476275521428768e-01;3.264574661077416229e-01;-1.799503989693882477e-01
-2.681627878302007550e-01;-5.155447802168022786e-02;-2.067892283019354682e-01
-4.584694986266230066e-01;3.877041827582997646e-01;-1.490849874479213133e-01
-1.228530840725632345e-01;5.840424973580504719e-02;-7.577799075302371623e-02
-2.706013618647374885e-01;1.957486889846171696e-01;-4.545893523222677146e-02
-6.226188170188673432e-01;-3.118788402762386891e-01;-3.630159506001784386e-02
-2.865848040642101635e-01;-8.175696370938112523e-02;4.327284833540132603e-01
-7.864424078003710017e-01;1.715731955927995989e-01;2.030770090379330206e-02
-3.480931612255144803e-01;6.093797153538627054e-02;3.766536026583450214e-01
-1.448627443263810211e-01;1.203095513534646610e-01;2.040797680992235685e-01
-5.494124411934030450e-01;8.991768685463308319e-02;-1.077559549002676809e-01
-3.860105108401892249e-01;2.836530127411430735e-01;-1.034572176787298403e-01
-4.073819060071304232e-01;-1.712483897124917887e-01;1.334008543167257699e-01
-3.211590093988192507e-03;-2.603835973712764762e-02;1.675577385210271775e-01
-6.936662815942075122e-01;-1.357301389519245394e-01;3.417270854856879758e-03
-2.817452284697040676e-01;-1.310863604302275887e-01;-3.746528386685210599e-02
-1.866504141154475827e-01;3.952068376871993305e-01;1.167744211566612567e-02
-3.673827335449768583e-01;-2.575294963652703384e-01;-2.307567690506190372e-01
-4.683404537703206305e-01;-3.724196972044362397e-01;-2.162240942012755296e-01
-8.197662543383578138e-01;2.451138957025467136e-02;-8.960317301033848825e-02
2.937598912758576652e-02;5.676289301392978270e-02;7.161268946989984840e-02
-5.763207635957563468e-01;-7.456356138358322116e-02;7.610378684455021414e-03
-6.113694467597442506e-01;8.123822142261227786e-02;-3.456372847257976888e-01
-6.453593452362361704e-01;1.815027222239292692e-01;2.602278598896865525e-01
-2.348027793037998912e-01;2.306542476911932482e-02;-1.411695158764975089e-01
-4.608650914297816037e-01;-1.230555705750924211e-01;-3.732021433039356406e-02
-6.677873048531827171e-01;3.995745732745684675e-01;-1.161087786267885891e-01
-2.799272440714865029e-01;3.346109197632152199e-02;3.938925830509576453e-01
-2.060515555328999993e-01;4.272444334759617490e-02;-2.482009410930472448e-01
-3.166082052338795583e-01;-9.914858323636011050e-02;-3.799419635586731570e-02
-3.941113211155340412e-01;1.114542354346478303e-01;-4.818898161791594914e-01
-3.087245642550707769e-01;-1.009972961298697403e-01;-4.452383611779686667e-01
-5.665008283088558416e-01;-1.018313064090566877e-01;3.739560293792287826e-02
-1.624987518902516470e-01;-4.778205911019284269e-02;-2.753951770600180371e-01
-4.016322272605202803e-01;-8.107455049545209125e-02;4.148459010681000425e-01
-4.992369391246740395e-01;5.964033130821788653e-02;-3.447597540692874940e-01
-5.266906837202470770e-01;-2.292553268564462288e-01;1.439995432390157593e-01
-2.319148634293538569e-01;-2.950157045841790282e-01;-2.068522697389867382e-01
-8.255643826155911746e-02;-1.581826483021240293e-01;-2.405765665687075172e-01
-2.758510921508660063e-01;-9.058834780875957282e-02;5.204718085198023481e-02
-2.485796116481358009e-01;3.297418037072016306e-01;-2.935787282393967912e-01
-2.610992243748477826e-02;9.741310217030829666e-02;1.005168604336533766e-01
-4.812294751079269073e-01;-1.168614717505025435e-01;1.891770528283753805e-02
-8.172013320748735543e-01;1.031521094663881977e-01;-2.546508903186790462e-01
-1.809540948157545293e-01;-2.028782843768249800e-01;6.640464029689718828e-02
-4.036337527987636786e-01;9.684284891688921260e-02;-1.657561091830391797e-01
-1.718112437963966732e-01;-4.508683793801537831e-03;1.884023964277360408e-01
-1.005841210310207678e-01;1.946964708544267619e-01;-2.278548627700373030e-01
-6.503319911408140808e-01;-1.057503635685952403e-02;-2.787905581803977739e-01
-8.346436592010576527e-01;-1.847096621693896656e-01;3.949129237533721692e-02
-1.402225176381288740e-02;1.158631881823045662e-01;-2.670405252463662338e-01
-1.328117110688731284e-01;-9.806908639075784251e-02;-2.012437969609115473e-02
-1.317265861354818268e-01;-8.223321783266623886e-02;-7.864299772292981938e-02
-5.453778423592234859e-01;-2.127610083459182677e-01;-2.036918795440099128e-01
-2.922632051211409010e-01;1.268851101650858570e-02;-2.693301882822413118e-01
-5.273114829876860421e-01;-2.402462162396737932e-01;2.234201136885849426e-01
-7.531903407485085467e-02;-1.521907920978069484e-01;1.780161525590635563e-01
-1.025739783930719184e-01;1.584518346584254944e-01;3.505817290942419007e-01
-2.025285383307163789e-01;1.801407717603004111e-01;1.186113782151843044e-01
-2.167046233934948329e-01;-5.409729362325166324e-02;-2.263733337183341243e-01
-7.363761788083308391e-01;2.948095487499293732e-01;1.936822257814886372e-01
-4.802726830738777153e-01;1.385259476640855469e-01;-1.024056020372057230e-01
-2.144347127710286571e-01;-6.969410510053730690e-02;-2.994752732996632805e-01
-6.310065955649023506e-01;2.975591006371881564e-01;-1.896380410764262336e-01
-5.075064435933152041e-01;-2.006116528287649192e-02;1.000205481193037205e-01
-7.575044570984867942e-01;-1.111846548643935506e-03;1.181557343181190989e-01
-5.735386917560081343e-01;1.771164338471142852e-02;-4.121335008551666457e-01
-5.030767237984039575e-01;-3.672842459569396478e-01;6.754084826155815069e-02
-8.480287163485276114e-01;4.129633530107046369e-02;2.090605194509164155e-01
-4.476817154816998823e-01;1.435776951965249681e-01;2.640266093611320919e-02
-7.178820843113007388e-01;2.896985071424791336e-01;1.587077755008761137e-01
-1.572934788000189821e-01;-7.450666555192464457e-02;-1.540650074530370839e-01
-3.296850387755145828e-02;7.867540857239341268e-02;-6.138458081040953918e-02
7.018640112584906277e-04;-7.827907312654458494e-02;-2.231722027649484241e-01
-2.770334164365172436e-01;1.315602200925205523e-01;2.331130224152809793e-01
-6.527689255968229798e-01;3.707499012725113952e-01;-5.469474499733451012e-02
-7.302420949124592831e-01;1.977394855601766199e-02;-1.629968235687137001e-01
-2.828550133959699675e-01;2.067772168854458137e-01;-3.329580920990501403e-01
-2.361954723781949372e-01;-2.536912425018611472e-02;3.441704489691971292e-01
-2.608800621844996614e-01;3.679182945200221155e-01;-4.526014436614089753e-02
-6.843248476022828486e-01;1.588854702326571999e-01;-1.061355943458415219e-01
-3.329837390133322250e-01;2.384492092513265105e-01;3.785155613013478915e-01
-5.114418987296542873e-01;-5.130637737746934768e-02;-2.624558691256725362e-01
-2.965514066186221154e-01;1.682127985550162519e-01;1.194903460096145009e-01
-3.809182148637819676e-01;-2.081812237026903212e-02;-4.743579341935643123e-01
-3.198276307726677370e-01;3.360254672687845723e-02;1.079050927934446236e-01
-4.141282408136743864e-01;-2.432234322794920578e-01;-2.151270980380771691e-01
-5.886923008439963745e-01;1.103337833109183652e-01;2.161506742231935618e-01
-7.188506504653197071e-01;1.811178539649828112e-01;-3.185616523043730552e-01
-6.719202280510675473e-01;-2.879551600917733545e-01;1.109809888509917242e-01
-5.465786206972819139e-01;-2.631294410255179406e-01;2.805255152438618227e-01
-2.324501007085295612e-01;-4.044646861653318215e-01;1.238593246765730127e-01
-2.929059639112192581e-01;4.669741271407001904e-02;-2.680529038840245848e-01
-6.662879180895669995e-01;4.001191460451059001e-02;3.800790875614582509e-01
-4.347943877162818715e-01;-4.398576573992147853e-01;6.229681587790980579e-02
-3.461977592876237519e-01;-1.944756893419764543e-01;-1.030184829257165813e-01
2.275719051339430976e-02;-1.293808118106409832e-02;1.062529377509774386e-01
-5.013369722276869167e-01;-3.536260078377508886e-01;-1.324655777084685626e-01
-4.604883113670898975e-01;-3.943353157382560870e-01;1.408263146902062335e-01
-5.967248524324044734e-01;-3.989541889893533089e-01;1.921613416941319041e-01
-8.602973049398121574e-02;1.152194382310108844e-01;-1.937463792133883311e-01
-7.246210443312572913e-02;2.336143805614020463e-01;2.693048936413398042e-01
-7.902638013224965174e-01;4.795948897369295416e-02;-4.562266544003912294e-02
-7.499513353060157650e-01;-1.753240731099400262e-01;2.373570773877996531e-01
-4.405532315940133836e-01;2.850165438370568793e-01;3.920846889402344049e-01
-2.118652939134578750e-01;-6.239687594460807674e-02;-2.453293779539488240e-01
-4.385225353752658650e-01;1.372014768082804315e-01;1.593539222057827054e-01
-2.386293889295856285e-01;-3.148044321325320638e-01;-3.258906646659156525e-01
-2.753364311457362490e-01;-1.180603603471040985e-01;-2.943127378044448905e-01
-2.560957464588693444e-01;3.030213324915831397e-02;-4.580487765683637358e-01
7.997032935885062255e-02;1.018815896363221007e-01;8.242265820724647973e-02
-4.605950103055478362e-01;1.129395824945255145e-01;4.430758377447076013e-01
-1.307509979073051554e-02;1.458108126552060124e-01;-2.140932107608398693e-01
-1.235525535002753861e-01;1.561618376810715025e-01;-3.225712305302931293e-01
-3.941473070481710250e-01;3.407030280112000042e-01;2.328015447662505899e-01
-6.024515486811794496e-01;6.502199285901610892e-02;1.888853020500906865e-01
-2.840145497398209873e-01;-3.119752653845838664e-01;-1.446154313142605785e-01
-5.730683836619209215e-01;-3.511119496675553231e-01;-1.943957845097851189e-01
-4.513893690454574559e-01;2.220709382027370449e-01;3.861957804650745230e-01
-3.117977330516095158e-01;-1.902711011387625550e-02;1.423255259052274013e-01
-3.393399055838290934e-01;1.034876665964548081e-01;1.764679372263622259e-01
-1.113850353275935845e-01;1.726905644160936504e-02;-5.980100204450944368e-02
-2.574348004648084887e-01;-7.875194670592799984e-02;1.361773647082327177e-01
-6.019771436438281498e-02;-1.161670480669559913e-01;7.187227122718653494e-02
-7.138985821537227050e-01;3.026433097957104135e-01;-4.181311326210734869e-02
-1.720606930262348344e-01;-3.538847644700249262e-03;-6.314929738482044641e-02
-2.897748505223587401e-01;-3.646459177223144721e-01;2.513750860290456801e-01
-6.280502738713690247e-01;2.593982624179637098e-01;-5.026015754946000502e-02
-6.434699375557522139e-01;1.541746014740744686e-01;-3.019023672402598724e-01
-2.914727273035334632e-01;-1.504936279131812160e-01;-3.859042151120666286e-01
-4.938394215886221517e-02;6.122278828252492033e-02;2.339091137436644097e-02
-8.323316380999984387e-01;2.078350972297686727e-01;4.353821734264606835e-02
-2.490265328490458563e-01;4.543186940690546738e-02;-4.377268941181143846e-01
-1.432484943113649933e-01;1.938585950393734159e-02;-2.951187258492874443e-01
-4.360686231876672592e-01;4.092202058615601601e-01;3.870179795271422307e-02
-7.789683939977454230e-02;-1.195799924924376700e-01;2.756118509253274729e-01
-6.128620419154244825e-01;2.928544190338393527e-01;7.759336588115750555e-02
-1.897572013766885002e-01;-1.856498868162516080e-01;-2.883210106718536725e-02
-4.057875527497001311e-01;3.282492524372183640e-01;-1.647919526291272696e-01
-2.488524151183258981e-01;1.209285674784311704e-01;-1.476250533903455953e-01
-2.658578617042631764e-01;-3.737352584354972640e-01;1.761775620754340022e-01
-2.058494264901690185e-01;1.265475314505293269e-02;-1.946893233032687132e-01
-4.396417287980737276e-01;3.645636095226699736e-01;4.664822018778846946e-02
-1.733290079296767594e-01;-1.952489046138666806e-01;3.293946648588469417e-01
-1.963140225392042693e-01;4.069847664491033079e-02;-4.034655298045591865e-01
-5.987347392399996471e-01;9.835748429775881263e-02;-2.027621922913828145e-01
-3.825536482449587439e-01;-6.957258967900981084e-02;-1.830534122088807170e-01
-7.476710045153933670e-03;-5.661998562081227426e-02;1.070895787187540193e-01
-6.625665316251937442e-01;1.236377754579065513e-02;-3.957751971916523281e-01
-6.456084191581530352e-01;-1.381469067948613016e-01;-2.750664499348642877e-02
-3.925880612821911475e-01;3.742225246851758058e-01;-6.453419659881332038e-03
-6.252684744804805073e-01;-1.054239244023535971e-01;-7.817182146116863350e-02
-2.920947859092962728e-01;-1.906272821372179127e-01;3.237903842212946914e-01
-7.855123619340949048e-01;-1.161611169550205158e-01;-4.376349104445798055e-02
-2.213300433274352219e-01;-1.380800091621350312e-01;9.366079120853842976e-02
-2.874265316551808391e-01;3.736985934663450415e-01;2.239730554660938067e-01
-2.477083514080603566e-01;3.456043629899068215e-01;1.924928266692252921e-01
-5.936865012217873439e-01;2.889851599207933219e-01;-5.358048359841782737e-02
1.663523584120729648e-02;-6.901477948670375895e-02;-1.811331816788611659e-01
-1.944141373561754094e-01;1.884050184921368665e-01;-1.254471129798786500e-01
-5.593958334187083548e-01;-4.282881111523489936e-01;-9.037110510476797920e-02
-4.144103003406022223e-01;-4.724632801305345131e-01;5.455117910449946983e-03
-5.144880952630777049e-01;-1.596128957454943098e-01;4.140760734758519579e-02
-1.380981873951300232e-01;3.336499619375855596e-01;-5.955864968757595967e-02
-3.195323990063040354e-01;-3.608032986543044940e-01;-5.595625079779709132e-02
-5.048622567356814139e-01;-4.605404671091006819e-01;-2.445396251317333292e-02
9.454610937241980650e-03;2.221432354559058631e-01;3.338662876536258040e-02
-4.373243949346065085e-01;4.809873781626851086e-01;-1.659256402685338472e-02
-6.142164444741298190e-01;-2.967769089139127292e-01;2.617981913776972203e-01
-2.074675684628920491e-01;-3.655648705918781438e-01;-2.006044116283187684e-01
-1.465720777430309374e-01;2.689227821076409786e-01;1.585405156700548934e-01
-3.774234006632548599e-01;-2.004343220461261010e-01;-4.231379247238364893e-01
-3.474990325921109013e-01;2.016989231075116962e-02;-3.571240386605882833e-01
-6.157259070724833139e-01;-3.661716370003068599e-01;1.295576968917365734e-01
-5.397660811995721453e-01;-2.296067136154744670e-01;3.427119021605549154e-01
-4.661825804234704940e-01;4.099431438543920114e-01;-1.226819460368071546e-01
-4.061859595430713510e-01;-1.123511945443529392e-01;1.327118787486009088e-01
5.679981548428614246e-02;4.011457102012228049e-04;-6.727086398029535896e-02
-6.880059453013419590e-01;1.573534821701285669e-01;-2.771819583701828904e-02
-2.922478777472774514e-01;-2.046985224281672178e-01;-3.633990963488273884e-01
-2.551673959776862288e-01;-1.048690923884967319e-01;2.132068832826177207e-01
-4.071354155525533924e-01;-9.571025274513089709e-02;3.093767841209382752e-02
6.349924088758829299e-02;1.903228012954871762e-02;1.775422674589531846e-01
-5.019947070454972016e-01;-1.970842711668073788e-01;-4.343051410456342243e-01
-7.041669158657299921e-01;-3.591970511073239170e-01;1.224136415659966559e-01
-8.887623006652911606e-02;1.359547071637284832e-01;-1.118342938730044756e-01
1.748584313199019746e-02;-2.094954943285796123e-01;-3.001173184206340494e-02
-3.703402760543801353e-01;-2.581067058871108211e-01;6.035711547075495176e-04
-9.303450911600641415e-02;-4.033512959733875913e-02;4.657714203229490479e-02
-4.230998935320300358e-01;2.183311753720039716e-01;-2.526596841809166660e-01
-3.349146875472437390e-01;2.716269109786076941e-01;-1.104335464058081584e-03
-1.711385577300531535e-01;-4.046007226867893714e-01;-7.129797901356638157e-02
-7.814973764018484648e-01;-2.111150610908343328e-01;-1.021633744978430736e-01
-1.389920765046079865e-01;-1.282759335976567661e-01;-1.075418137705199673e-01
-3.228774139616792382e-01;-1.428788406994971893e-01;2.875490858587792520e-01
-2.433689262921239216e-01;-2.596010871064931003e-01;-3.084070542651742297e-01
5.045917057529569760e-02;8.162229298919354559e-02;-6.338581023123390779e-02
-6.175039340271477606e-01;-1.469496083996976177e-01;3.940943025332507288e-01
-1.196344969931183444e-01;-2.366426669890120404e-02;-2.460147853897809433e-03
-5.684353009328062534e-01;3.550302016199351485e-01;-2.929241907891447783e-01
-3.930795620381654087e-01;-9.058792818298166960e-02;3.108785810079184309e-01
-1.288771841481134439e-01;1.546506868659545120e-01;-3.484049251999006280e-01
-1.581036730412849201e-01;3.484253790905247339e-01;-7.737080298639087417e-02
-8.322053349436397962e-02;-3.183860322433973433e-01;-1.290589918422347937e-01
-1.457517403179192650e-01;-1.068047989720777302e-01;9.063783399463776203e-02
-1.906791715273904453e-01;-3.326786959989396220e-01;2.806317174255571478e-01
-6.346738624445330545e-01;1.015538792998240680e-01;-2.034400877940693020e-01
-3.861455357932322974e-01;8.890555591055893103e-03;-1.307192297844589346e-01
-1.856733642650024718e-01;-3.828385618688090464e-02;4.209945210965758688e-01
-6.259284106578090201e-01;3.070709038667029933e-01;-3.047593970435079624e-01
-4.346277625207317641e-02;2.011698615902597354e-01;2.270567616153901236e-01
-5.194822901301054952e-01;-3.369646630684089983e-01;2.862056522610579856e-01
-1.951289899566183150e-01;3.171281420155851460e-01;4.643031607784731118e-02
-2.272970057911020136e-01;2.966813971913723202e-01;-2.495321012075010225e-01
-5.932234004778588199e-01;-1.470414965476434244e-01;1.212924490496101182e-01
-7.010078610405632293e-01;-8.166613589771987147e-02;2.509397983633182561e-01
-7.866964952725358229e-01;-9.639899763840875657e-02;2.378849848346061835e-01
-5.023876214471294510e-01;-2.357237368413607204e-01;-2.946670612932001942e-01
-6.027092096926663922e-01;-4.079330139175245673e-01;9.904458715038155781e-02
-5.870926057863518066e-01;-2.289037462359342356e-01;9.766828270270311307e-02
-1.988604055825263783e-01;1.801118854469726527e-01;-9.184830913330188640e-02
-4.497457538571096869e-01;4.575810150838173218e-01;-1.009646823575652830e-01
1.454866384855890704e-02;-6.597902729124116572e-02;-2.412883578445590427e-01
-3.105460105153028394e-01;1.132916848873790627e-01;1.376882468959355066e-01
-3.785509758331199182e-01;-4.315412806664219447e-01;-1.288870615698721744e-01
-6.311464856178065075e-01;-1.315510800834210903e-01;3.953460891531692667e-01
-2.697527805438421078e-01;-2.516163912567924710e-01;2.054608302834862732e-01
-5.989539221656869916e-01;2.631242630130481430e-03;-4.438239226525609871e-01
-1.355592719244956834e-01;-9.032894662400736685e-02;1.551737145243380356e-01
-7.895681365888973513e-01;-2.108125537040501651e-01;-1.901931246775310225e-01
-5.431140248288898187e-01;-1.462108412635639842e-01;3.285555979060813536e-01
-7.974320374164102221e-01;-1.072692567285837839e-01;5.337118974977184127e-02
-7.396345938802568742e-01;1.736454174749076929e-01;-3.207467442607192520e-01
-7.946545155186668374e-01;-2.776386952518297146e-01;1.922457078020511911e-02
-5.089671308726013699e-01;-2.657966290736658577e-01;-2.804460767701980606e-01
-4.842248964766781016e-01;-7.105566656985573548e-02;4.090500383808082230e-02
-3.998872479233730459e-01;-8.804190496589803239e-02;3.705269662693841948e-01
-2.943621106765885731e-01;-3.827960943197665777e-01;-1.627934244342479353e-01
-5.667383221211685917e-02;-1.490534002045984519e-02;-1.663716041631343456e-01
-5.274667262404492130e-01;-4.312863222760390247e-01;-1.304258005732268355e-01
-9.550535756817768451e-02;2.728095732903373927e-01;4.841916299356263664e-02
-1.180400228420408482e-01;2.517469923958404188e-01;3.030020719578371269e-01
-2.795262149480294278e-01;2.422531871990871721e-01;-3.301189939492646941e-01
8.228488700322889038e-03;2.587153211639207084e-01;9.715530599030186565e-02
-2.676086756716126169e-01;-3.435232839963994200e-01;-2.607877988389728507e-02
-5.861731917755844679e-01;-2.584993720071665502e-01;-2.850873629636041517e-01
-1.037585494586314994e-01;-2.280539605815512516e-01;1.923589224610581239e-01
-5.754881998246579311e-01;-2.304881377077273585e-01;-3.090734149283564935e-01
-6.353649730746426805e-01;1.619689447938685856e-01;3.149397285405391989e-01
-8.116150530154813136e-01;1.989488284873855983e-01;-1.316527862056486864e-01
-1.162617489247635971e-01;6.618069122507086455e-02;-1.872220107896459540e-01
-1.356466135635726600e-01;1.237430848640090897e-01;2.623026245009599799e-01
-3.366046492873598917e-01;1.246140481145315837e-01;3.644332468683640913e-01
-1.432698329314320285e-01;-5.770619454886471988e-02;2.073970000329277141e-01
-4.452356574473389506e-01;1.747863021674105344e-01;1.775316138836846580e-01
-3.996405537844394118e-01;1.908839765508227870e-01;1.971358058918092349e-01
-2.640596731732891556e-01;9.930211613943773497e-02;-3.206439897107590253e-01
-7.463089571557954827e-01;7.260723288202242109e-02;-2.229874756740212183e-01
-7.033464150470413179e-01;2.374260857706772532e-01;-2.134804510728770532e-01
-8.172631643818101255e-01;-1.546200491998916959e-02;-1.975804887214636096e-01
-3.193009154457150389e-01;5.508760389863920359e-03;-3.559212139868004332e-01
-8.177276757229381410e-01;-4.041594278637694604e-02;-1.935365319571796805e-01
-4.415685758685620188e-01;2.250060762991187291e-01;7.428757509021099992e-02
-5.861245032775295183e-01;3.802270536390295330e-02;3.401080784391998790e-01
-7.048334827813496073e-01;-1.060746259341127651e-02;2.416414518360422425e-01
-5.385962209328136741e-01;3.597946748116456206e-01;-9.319519904827644474e-02
-4.103755379497552314e-01;1.447452485768185859e-01;-2.701732742023815748e-01
-7.587764566268505595e-01;7.087741683947623716e-02;-3.147296446166762962e-01
-5.254517566204187640e-01;2.977322633482140102e-01;-1.326092713029295433e-01
-1.040736128564976326e-01;-3.248768598696467613e-01;1.727646144124667105e-01
-1.497342360611577661e-01;-3.479514325755082016e-01;-4.167640541242456642e-02
-4.319309457657098950e-01;-3.370058706018119743e-02;2.605756424552823081e-01
-3.901459904495423459e-01;1.275644625729377424e-03;-4.497569901770178680e-01
-1.754017131523710749e-01;-3.884070000427525260e-01;1.083195000077716852e-01
-9.855422377704636805e-02;-1.079064230954273063e-01;2.507696492110557118e-01
-2.226068701111272308e-01;6.578155484099634798e-02;4.291447172116873432e-01
-7.314143902724690172e-02;2.473563766143216380e-02;2.752440518349492660e-01
-4.532854727414796780e-01;1.517960350166380756e-03;-2.533413841945935108e-01
-1.461319172900870100e-01;7.789111269408832694e-02;4.043597749938572239e-01
-7.153675426526308057e-01;-1.578923791364059692e-01;-7.004238022017827969e-02
-3.685450858106946725e-01;-2.120546573240075228e-01;-7.180415467175405020e-03
-3.231426188672997801e-01;-3.601830183311260924e-02;-3.812909044908885381e-01
-7.274761230536379575e-01;6.797429731608051195e-02;-2.036423864867116240e-01
-2.079887440533453313e-01;-4.207100556597209717e-02;-2.734783739638942945e-01
-5.407912530173096810e-01;3.235522266118190382e-01;3.206961607667793146e-01
-9.428547433178213755e-02;-1.718205172023880012e-01;-2.909406262931539811e-01
-5.909128959709286644e-02;-2.787613035539360240e-01;-1.190087263316000898e-01
-4.408759767133191287e-01;-1.967141091507170758e-01;4.325548784193120611e-01
-3.684278473132688303e-01;-4.673409392155041253e-01;-2.440380817799170377e-02
-2.872041644634896196e-01;4.384821582141545937e-01;1.617777324716385134e-01
-4.967922438667478069e-01;3.336440104751723368e-01;3.146710047099892105e-01
-7.941256817868707074e-01;-1.451023165134459614e-01;-8.682748279228047483e-02
-5.047406845688422461e-01;-3.182211327826380831e-01;-3.431872946831943105e-01
-2.701793455652923281e-01;-9.678936681617722471e-02;2.523978823037879016e-01
-4.686982936589854098e-01;-1.209595146169649693e-01;4.150607325172224193e-01
-3.859045574487403041e-01;-1.915317185105159803e-01;7.304220061901567362e-02
-4.828065814354235430e-01;-3.397743990234937117e-01;-3.290635975791517120e-01
-3.260501339309895830e-01;-1.071048911068209764e-01;-4.713475724223454844e-01
-6.247608189629917375e-01;2.094388646339747639e-01;-2.285079974572886696e-01
-5.655988210112513626e-01;-1.054276846810762169e-01;2.994058693023293749e-02
-2.584955187437483204e-01;-2.401718620597005360e-01;3.860861088135163488e-01
-4.886960279337687618e-01;-2.594684148198512785e-01;1.723838432917036423e-01
-5.030078377925258915e-01;-3.436830292911391416e-01;2.379509473975921496e-01
-2.405770379180024454e-01;7.780705025108469730e-02;3.661015453778346807e-01
-4.888095241305089322e-01;-7.251354590973202452e-02;-1.697153324979155942e-01
-2.261611017299953730e-01;3.468872244289528117e-01;-1.756706226484819888e-01
-2.174675404622784525e-01;7.535917312909856669e-02;-7.093763069733405313e-02
-2.076456938455858436e-01;-2.666671773506733567e-01;1.253301699544538961e-01
-4.214716300804774995e-01;4.288595498455656241e-01;-1.680284952641545315e-01
-3.360804332443763087e-01;2.785352077603331367e-04;-4.306059140958166109e-01
-7.965658851395166495e-01;-9.797278311175927623e-02;2.289392001051572256e-01
-1.878629541193950203e-01;-1.434038240137943676e-01;-2.455186683817397464e-01
5.763164627258787753e-02;6.574495061328922141e-02;1.446132773989416975e-02
-2.928647191164230890e-01;-1.112736521234533038e-01;-2.597008765496332527e-01
-3.172855506553184934e-01;3.124738210441716513e-01;-1.730589756633247323e-01
-2.178083107449012568e-01;-1.847605653505491885e-01;-3.667900758633713121e-01
-2.065778719436910382e-01;2.006114963944516383e-01;2.534721106595967388e-01
-3.144362712066981480e-01;4.137442090743825851e-02;-4.139678429670567983e-01
-3.556551123656789271e-01;-2.662592079632557507e-01;1.377741418455915579e-01
-2.106895878973097380e-01;-2.476880729303129192e-01;-1.922290947068509004e-01
-3.168697809004165089e-01;2.302217177572492002e-01;-1.351775297922013230e-01
-1.982617261227428429e-01;5.646463734882201102e-02;-1.413784180464086049e-01
-1.437462085775657039e-01;-4.581633726329392697e-02;-8.772027216833444552e-02
-3.154568867405418420e-01;4.693218122841789075e-01;-1.221607862728133487e-01
-7.485676856300367277e-01;-2.258381051964630792e-02;1.018067339454472586e-01
-3.476338621827657072e-01;9.522973271940160522e-02;3.719130612805054970e-01
-3.597211068125789613e-01;-4.207197153688082558e-01;6.585056031324665327e-02
-1.448663825548041073e-01;8.662391828366267088e-02;3.284386709389908177e-01
-7.134709388171078803e-02;2.834695600492677103e-01;-2.229307502866003654e-01
-3.193547740903659449e-01;4.359372482485595057e-01;1.722506872941946821e-01
-4.601443602861651216e-01;1.439565794476135308e-01;-1.190481549765249891e-01
-5.167846340527483262e-01;-2.836672223691729666e-01;-5.742265406718460863e-02
-3.119995365703716050e-01;-1.468971110616105191e-01;2.997833644457833513e-01
-1.155945267872027227e-01;9.856299321775996436e-02;-8.585893178433379180e-02
-6.795123605852507742e-01;1.256507894272764769e-01;7.160764948294384702e-02
-1.363077306496794927e-01;2.340137092200822444e-02;-2.732273746803542958e-01
-3.882925528852991803e-01;-1.670571503367479504e-02;-1.172158995969594386e-01
-3.006402749578344080e-01;2.286562842366026693e-01;-1.846362567338825089e-01
-7.209683625584162314e-01;2.975140452964858406e-01;1.775458051837758289e-01
-7.191080986211016990e-01;2.991579711047820389e-01;-1.658072858268900829e-01
-4.841814319815890277e-01;4.858841505468847188e-02;-9.726051525316925517e-02
-2.245439546635744632e-01;-1.039990336143847838e-01;-3.669902010926712199e-01
-4.816104666216665109e-01;-1.421887506644069488e-01;9.378063194345220843e-02
-3.465282237901501361e-01;7.028693873139046921e-02;-2.898928070876481966e-01
-1.197873514643664761e-01;6.389292105540234079e-02;-2.388375674891397571e-01
-1.649748138101766459e-01;1.101079220362346511e-01;-1.182232468918598123e-02
-3.007007129936113410e-01;1.370785521530482054e-02;-2.118154740404705194e-01
-8.085780081828618515e-01;1.256819122613526130e-01;5.053168059622559216e-02
-8.983891004029753713e-02;-7.032663664485205857e-02;2.498599312882687773e-01
-6.312023849698018552e-01;-3.013554231025942221e-01;-2.531429724042670859e-01
-4.735002527581388954e-01;1.154207798208354285e-01;-4.184250743886340773e-01
-6.860053213016864548e-01;-2.167155965074226698e-01;-9.968716382700593126e-02
-4.414814378129846562e-01;6.459063893346350671e-02;1.630272037231473847e-01
-1.798425390690597814e-01;-2.127787907948491819e-01;3.797524022943435940e-01
-6.609336159249703524e-01;2.580404210112164920e-01;2.600055449620984893e-01
-3.249394265411853500e-01;-2.931821068666037311e-01;4.455941669355367729e-03
-1.547852573091654804e-01;-2.677753090986568774e-01;-9.467463935304665235e-02
9.252694436992392468e-03;-1.297678143154232799e-01;2.512789243737668654e-01
5.629188151336128598e-02;-1.233235595705375331e-01;-1.607593388261636669e-01
-6.514601790725740305e-01;-1.830573782327186150e-01;3.088263234916840405e-01
-5.683831508921660669e-01;5.793174308312831755e-04;1.457250433510536292e-01
-1.949590936464072888e-01;2.419777295139858841e-01;1.777232412013204366e-01
-8.463652084791691843e-01;2.174649906119121567e-01;-2.452428476726631335e-02
-6.355780753013029472e-02;4.890963164007167130e-02;-3.108042076096451112e-01
-4.391016617934181410e-01;3.287089838180063950e-01;3.295627156830498450e-01
-2.289870194670902137e-01;1.970241660042995058e-01;-1.370171595961283684e-01
-5.559083821505579337e-01;2.054383730485842552e-02;-5.933511657570644804e-02
-4.848543460072542999e-01;-7.780776611932194164e-02;2.850639210464311901e-01
-4.810302262204756429e-01;-4.197138341613138035e-02;-2.433527928139042062e-01
-6.957578936315711449e-01;-8.130485667231579505e-02;-2.803650714054309878e-01
-4.694641790869630293e-01;-3.808593280039518358e-01;1.239282073210656865e-02
-2.244132264325612303e-01;8.894070069880188889e-03;3.614456860213242084e-01
-4.392663997583261537e-01;4.888405413036630565e-01;-1.676792412456484804e-02
-3.444504301143801461e-01;-2.086389271622555164e-01;-8.260521767085204914e-02
-4.070430283441399677e-01;-1.698440496843955927e-01;-3.931992959976363666e-01
-6.019337988299958697e-01;-1.795987138597850974e-01;-3.357131567275907225e-01
-3.554446753453245345e-01;-3.401202366335586147e-01;1.912466637859893126e-01
-1.035594384765227138e-01;2.394692332387272637e-01;1.455343564105222587e-01
-5.226368232033492545e-01;-8.648346971004083894e-02;-4.601885605542461732e-01
-2.723311228411913198e-01;-3.079839152599632701e-01;-3.539789807030374602e-01
-5.440422265293595183e-01;-3.514932183563191925e-01;9.646707541354371251e-02
-7.033118026871769679e-01;-2.625166948306160153e-01;-2.001024070054637782e-01
-5.374980154684868561e-01;3.239976518799783101e-01;-2.959123388442397307e-01
-5.838986884530295018e-01;-4.442591464125582590e-01;1.098127615481170327e-01
-1.584338915331704456e-01;4.667726489731172101e-02;3.844787275967591622e-01
-4.349636657790900696e-01;-2.730214605284789764e-01;2.439051873021519379e-01
6.155073213756623307e-02;-5.514756717245916651e-02;-1.095159955071678404e-02
-1.378254128183553640e-01;3.118067183508863582e-01;-1.581509580827418215e-01
-5.049466621432040503e-01;-4.487365408240018283e-01;-9.812372876326047599e-02
-5.430175705313361467e-01;1.347441411040295467e-01;-3.135801951460254200e-01
-6.080888265021927586e-01;2.486087085818323716e-01;-1.739876433847931114e-02
5.713483253979612098e-02;-7.289495463965678379e-02;-2.489965930827953144e-02
-6.478271225044700543e-01;-5.327353129735945547e-02;-3.765501341896448917e-01
-1.718835626638336445e-01;1.002514100995830493e-01;2.312505893473750795e-01
-5.583588873093981997e-01;1.484645569002370769e-01;-4.315592907573738701e-01
-8.425461937387912492e-02;9.731237833071182397e-02;-1.063644797225579142e-01
-7.345002253363444034e-01;2.066041289942177617e-01;3.534776806165673690e-02
-8.585026744900936535e-01;-1.779324648042702739e-01;5.974466133367495324e-02
-1.739151485161495314e-01;-3.786970019944658761e-01;-1.972248717280328245e-01
-7.337446696502993859e-01;-1.202625951783512503e-01;1.171942271169666983e-01
-1.377879416858229789e-01;9.171696889240044115e-02;-3.079766308636554539e-01
-4.102141320117592693e-01;2.865660398927560859e-02;-1.655574728818959285e-01
-3.418288161095592859e-01;-1.529976645878000641e-01;4.328676901266330646e-01
-3.471851242816509364e-01;2.406635810666259978e-01;-1.498201247595876140e-02
-2.858137556809886570e-01;-2.633902172924926788e-01;-1.650191489319619009e-02
-4.509214858651241498e-01;7.761308063713368011e-02;7.090705375214478856e-02
-5.332016793537316390e-01;-4.005053311270353467e-01;2.665959447120516135e-01
-2.992078506603809140e-01;2.008656972438799260e-01;-2.147941973195859333e-01
-1.422234396248420740e-01;-2.180816444027483536e-01;-1.819603883054801141e-01
1.280080040786168993e-02;1.103630078181569996e-01;4.640707421213208228e-02
-3.407818682315418846e-01;1.474219375677987554e-02;-4.004202864599710754e-01
-2.967869379004957064e-01;-4.202849268127150095e-01;1.831142857230465548e-01
-3.182784725265233039e-01;2.663472131046523694e-01;-9.358346342598133916e-02
-2.764946887526628094e-01;-3.687120279951757729e-01;-1.903082888948108842e-01
-2.236016310899939796e-01;-1.990336803683783184e-01;-3.159552279497864768e-01
-3.616368978989772387e-01;4.132296862792704806e-01;-1.120272456021136342e-01
-5.678274779382674886e-01;2.008084180017403186e-01;2.653162995253862677e-01
-5.062448584345933256e-01;1.082113767664466542e-01;-5.542649893057149946e-02
-6.000706025269337829e-01;-2.569133513156973692e-02;-3.319799478073214294e-01
-1.989024126357300526e-01;-8.926845650898795892e-02;4.637287977434900732e-03
-1.827381241342436180e-01;8.207013112422356649e-02;2.978046813410725191e-01
-8.312460935775125570e-01;4.971725516331104711e-02;-8.283572102429792583e-02
-4.283736348047383347e-01;-2.725183963064600201e-01;-3.338150003902508045e-01
-4.671600789428277389e-01;3.554247309779823283e-02;-2.301660738234623249e-02
-5.641836353584654962e-01;1.150697540146979891e-01;4.269075621458641168e-01
-4.604370582271013479e-01;1.046013134644130371e-02;-2.412075916354760041e-01
-6.124888006162410026e-01;3.822010186847524249e-02;3.332354785960500720e-02
-4.668281333341395278e-02;-1.666971705762798628e-03;1.032454226840298084e-01
-5.154841862937334929e-01;-1.530410496224141603e-01;-6.819290489222273877e-02
-3.235110968601341286e-01;-1.579305653424446509e-01;3.099787436834724463e-01
-1.819858218729984989e-01;-1.279564321877926236e-01;-4.075504829629333914e-01
-4.089802373310900130e-01;-1.792664176884287697e-01;-3.077420815319080738e-01
-4.552872231416642546e-01;7.654498995114000781e-02;4.833407684142265737e-01
-2.926755832069340979e-01;-4.114216603633559233e-01;1.768722758275764750e-01
-3.551989147239016376e-01;-3.743565075876860160e-01;-2.102720162617853772e-01
-1.959685474083431300e-01;-2.825470677827640609e-01;-1.333211202970185916e-01
-1.337545272396211127e-01;-1.959053640287161668e-01;3.116270144448535229e-01
-7.436378583551249699e-01;2.517981635869329660e-01;6.826861626876834510e-02
-3.206865972115391372e-01;3.890006108146658592e-01;6.930498441220200867e-02
-6.671414431239057752e-01;-7.998270567917242779e-03;-1.897647162552952294e-01
-6.418923568265852975e-01;-3.601458255961920152e-02;-3.667157419178268540e-01
-6.567520425060147105e-02;7.735340121966771676e-02;1.464073752280889984e-01
-2.610369780267154383e-01;-4.185527871088408070e-01;-6.498540565977661831e-02
-2.083565980266818274e-01;2.950115369284703748e-01;-3.366455502568435065e-01
-3.718107382436438568e-01;-3.273900399249740634e-02;-3.932881808976457227e-01
-2.526578656269088397e-01;-3.716500733853052019e-01;1.501871664456533306e-01
-4.731052721766974001e-01;-3.097506028211649554e-02;4.285555328941359488e-01
-2.377678416704069875e-01;2.153223105291356410e-01;-2.318567703880791697e-01
-2.287953233771200523e-02;-2.568200197357740633e-01;5.057063454136423442e-02
-3.535236389746235774e-01;-4.086467572764441725e-01;2.566465493523988339e-01
-3.272297233130542216e-01;3.194956853860523305e-01;-1.732611094313664113e-01
-6.941180118216788708e-01;-1.475189530566488605e-01;-3.738898583213750015e-01
-2.817149789862801734e-01;2.814620887547092387e-01;2.032772277324516041e-01
-4.914724267790460122e-02;-2.138649575416856630e-01;1.404472739932528524e-01
-3.202071561670449817e-01;-3.334964529504849118e-01;2.122202051771586717e-01
-7.533854428401577374e-01;1.459278930230393234e-01;-2.671208538481849581e-01
-1.451725416376687949e-01;-1.905374235538176420e-01;-5.202834361781005779e-02
-6.051827616532331477e-01;-1.454517911713926193e-01;6.459408129032151447e-02
-4.471166395844883290e-01;4.457151084410244657e-01;1.768200436300469969e-01
-7.696795668276641411e-01;1.434289495173307616e-01;-3.028170180319337268e-01
-7.852874722380920325e-02;-1.459354376449059076e-01;1.558207673273928062e-01
1.019612414469639461e-02;-1.171666052315647466e-01;1.306352949830804633e-01
-7.699642555306529523e-02;-2.649687011880813570e-01;1.522811128184462515e-01
-6.282824011018203203e-01;3.159557894152066337e-01;-1.216843928347405290e-01
-2.703164047407971005e-01;-8.383905359384224987e-02;-3.334614865027299979e-01
-5.705451754380286289e-02;-5.411338014019217990e-02;2.085835457678252292e-01
-2.626978434619761105e-01;-4.293033918156338169e-01;-1.384598122370434004e-01
-8.394324288567645009e-02;-6.793271493338226552e-02;2.963907226197088907e-01
-2.956955801785211557e-01;1.300186806188273758e-01;-8.261705819952669394e-02
-8.685799551827455556e-02;8.843124045345229778e-02;-2.892369005700937690e-01
-4.843722179708448428e-01;-2.416995708724077874e-01;3.670116069106004186e-01
-6.957435320636036202e-01;1.268026300648439353e-01;-1.412574894571113626e-01
-4.076329512987511006e-01;-3.076842272156494751e-01;-3.606373654510908189e-02
5.226401453337226055e-02;3.305529009471119828e-02;1.315443786761603118e-01
-8.008538877223760899e-01;1.229540441833817388e-01;-5.312580479956108270e-02
-4.936677690362322179e-01;4.265853832183811312e-01;2.104218150124117503e-01
-7.252150121166340835e-01;1.480303180552141606e-01;-2.545455374610695598e-01
-5.106102203331265299e-01;2.326126992403987348e-01;1.847251638810045726e-01
-1.302685817031198345e-01;3.109351926726106052e-01;-9.964337316016935731e-02
-8.277868146648120762e-01;1.844353610693074685e-01;3.220414858634446098e-03
3.319450186421157856e-01;-2.087708598019580863e-01;1.118528947223794701e-01
3.560699842170359508e-01;2.851759613930135995e-01;-3.003262178416402639e-01
2.046137691733707076e-01;-4.023278859936161300e-01;1.842330265121568944e-01
2.886772896894820306e-01;-2.286509682261040899e-01;3.287375091519293413e-01
2.109823217156622244e-01;-1.748166779732529541e-01;2.296061783380640708e-01
4.227328293819940797e-01;-7.245898164145037068e-02;-4.745808732559048115e-01
2.143559810763266960e-01;8.570691164702770592e-03;4.075664739260930203e-01
5.334037565104234879e-01;3.714605901877177097e-01;3.036720768991144626e-01
5.721355474058785751e-01;2.616196153287175807e-01;-2.623624560076003309e-01
5.335297107608947265e-01;3.577468407475847822e-02;-4.097102299455916974e-01
5.451727904094498811e-01;-3.256335709950085588e-01;1.909377381024659481e-01
7.172222002012158537e-01;5.520081159946232940e-02;2.965057835600648506e-02
8.004180571633304764e-01;1.331014572732679424e-01;-1.609702089512993206e-01
7.870864242651173237e-01;2.798755458576238642e-01;1.420316461542877606e-01
4.487337893665861444e-01;1.918951976926932534e-01;1.519612595026005319e-01
2.253996981592677473e-01;2.464914051180241428e-01;1.496328990472146625e-01
-6.325232171907502199e-03;-1.322841969405664786e-01;-2.347976323182745517e-01
9.524298779804452053e-02;2.224521152615053232e-01;-2.192276375591442061e-01
4.700611700893649880e-01;-4.028235062292314650e-01;1.150072266991697401e-01
7.773730719279554613e-01;2.407686177542044392e-01;1.970157409952679739e-01
6.982951789667751763e-01;1.499639307777651531e-01;2.019668772577033478e-01
2.755829526399440343e-01;-4.060180601591310001e-01;7.828014099617397470e-02
2.706051265188480492e-02;2.224326005480437018e-02;2.699935530986108390e-01
-4.831827883139228064e-02;3.135463156814799479e-02;4.063512161010651713e-02
4.163003483011953332e-01;-1.770435270587540355e-01;2.951861947687036691e-01
5.643704267108606842e-02;-2.497571018354046712e-01;4.922666470612047096e-02
7.554605840110072412e-01;2.036578593800236758e-01;-2.582617091267480625e-02
7.320186991001520482e-02;-6.614835076202696396e-02;-1.014952656026265609e-01
2.746126146264712409e-01;1.258599157142363811e-01;3.136258580087702974e-03
2.881699262065219314e-01;1.432882184423531768e-01;-4.174710950848337099e-02
6.350710438038857930e-01;3.034809303848485795e-01;-2.179654274286935145e-01
7.584127518430118231e-01;-7.100597262498165030e-02;2.508710677914973708e-01
4.052523724478571676e-01;3.264574661077416229e-01;-1.799503989693882477e-01
5.318372121697992894e-01;-5.155447802168022786e-02;-2.067892283019354682e-01
3.415305013733770378e-01;3.877041827582997646e-01;-1.490849874479213133e-01
6.771469159274368099e-01;5.840424973580504719e-02;-7.577799075302371623e-02
5.293986381352625559e-01;1.957486889846171696e-01;-4.545893523222677146e-02
1.773811829811327012e-01;-3.118788402762386891e-01;-3.630159506001784386e-02
5.134151959357898809e-01;-8.175696370938112523e-02;4.327284833540132603e-01
1.355759219962904272e-02;1.715731955927995989e-01;2.030770090379330206e-02
4.519068387744855642e-01;6.093797153538627054e-02;3.766536026583450214e-01
6.551372556736190234e-01;1.203095513534646610e-01;2.040797680992235685e-01
2.505875588065969994e-01;8.991768685463308319e-02;-1.077559549002676809e-01
4.139894891598108195e-01;2.836530127411430735e-01;-1.034572176787298403e-01
3.926180939928696212e-01;-1.712483897124917887e-01;1.334008543167257699e-01
7.967884099060118519e-01;-2.603835973712764762e-02;1.675577385210271775e-01
1.063337184057925322e-01;-1.357301389519245394e-01;3.417270854856879758e-03
5.182547715302959768e-01;-1.310863604302275887e-01;-3.746528386685210599e-02
6.133495858845524618e-01;3.952068376871993305e-01;1.167744211566612567e-02
4.326172664550231861e-01;-2.575294963652703384e-01;-2.307567690506190372e-01
3.316595462296794139e-01;-3.724196972044362397e-01;-2.162240942012755296e-01
-1.976625433835776935e-02;2.451138957025467136e-02;-8.960317301033848825e-02
8.293759891275858109e-01;5.676289301392978270e-02;7.161268946989984840e-02
2.236792364042436976e-01;-7.456356138358322116e-02;7.610378684455021414e-03
1.886305532402557938e-01;8.123822142261227786e-02;-3.456372847257976888e-01
1.546406547637638740e-01;1.815027222239292692e-01;2.602278598896865525e-01
5.651972206962001533e-01;2.306542476911932482e-02;-1.411695158764975089e-01
3.391349085702184407e-01;-1.230555705750924211e-01;-3.732021433039356406e-02
1.322126951468173273e-01;3.995745732745684675e-01;-1.161087786267885891e-01
5.200727559285135415e-01;3.346109197632152199e-02;3.938925830509576453e-01
5.939484444671000452e-01;4.272444334759617490e-02;-2.482009410930472448e-01
4.833917947661204861e-01;-9.914858323636011050e-02;-3.799419635586731570e-02
4.058886788844660032e-01;1.114542354346478303e-01;-4.818898161791594914e-01
4.912754357449292675e-01;-1.009972961298697403e-01;-4.452383611779686667e-01
2.334991716911442028e-01;-1.018313064090566877e-01;3.739560293792287826e-02
6.375012481097483974e-01;-4.778205911019284269e-02;-2.753951770600180371e-01
3.983677727394797641e-01;-8.107455049545209125e-02;4.148459010681000425e-01
3.007630608753260049e-01;5.964033130821788653e-02;-3.447597540692874940e-01
2.733093162797529674e-01;-2.292553268564462288e-01;1.439995432390157593e-01
5.680851365706461875e-01;-2.950157045841790282e-01;-2.068522697389867382e-01
7.174435617384409269e-01;-1.581826483021240293e-01;-2.405765665687075172e-01
5.241489078491340381e-01;-9.058834780875957282e-02;5.204718085198023481e-02
5.514203883518642435e-01;3.297418037072016306e-01;-2.935787282393967912e-01
7.738900775625152662e-01;9.741310217030829666e-02;1.005168604336533766e-01
3.187705248920731371e-01;-1.168614717505025435e-01;1.891770528283753805e-02
-1.720133207487350990e-02;1.031521094663881977e-01;-2.546508903186790462e-01
6.190459051842455152e-01;-2.028782843768249800e-01;6.640464029689718828e-02
3.963662472012363658e-01;9.684284891688921260e-02;-1.657561091830391797e-01
6.281887562036033712e-01;-4.508683793801537831e-03;1.884023964277360408e-01
6.994158789689792766e-01;1.946964708544267619e-01;-2.278548627700373030e-01
1.496680088591859636e-01;-1.057503635685952403e-02;-2.787905581803977739e-01
-3.464365920105760832e-02;-1.847096621693896656e-01;3.949129237533721692e-02
7.859777482361871570e-01;1.158631881823045662e-01;-2.670405252463662338e-01
6.671882889311269160e-01;-9.806908639075784251e-02;-2.012437969609115473e-02
6.682734138645182176e-01;-8.223321783266623886e-02;-7.864299772292981938e-02
2.546221576407765586e-01;-2.127610083459182677e-01;-2.036918795440099128e-01
5.077367948788591434e-01;1.268851101650858570e-02;-2.693301882822413118e-01
2.726885170123140023e-01;-2.402462162396737932e-01;2.234201136885849426e-01
7.246809659251491897e-01;-1.521907920978069484e-01;1.780161525590635563e-01
6.974260216069281260e-01;1.584518346584254944e-01;3.505817290942419007e-01
5.974714616692836655e-01;1.801407717603004111e-01;1.186113782151843044e-01
5.832953766065052115e-01;-5.409729362325166324e-02;-2.263733337183341243e-01
6.362382119166920535e-02;2.948095487499293732e-01;1.936822257814886372e-01
3.197273169261223291e-01;1.385259476640855469e-01;-1.024056020372057230e-01
5.855652872289713873e-01;-6.969410510053730690e-02;-2.994752732996632805e-01
1.689934044350976938e-01;2.975591006371881564e-01;-1.896380410764262336e-01
2.924935564066848404e-01;-2.006116528287649192e-02;1.000205481193037205e-01
4.249554290151325020e-02;-1.111846548643935506e-03;1.181557343181190989e-01
2.264613082439919101e-01;1.771164338471142852e-02;-4.121335008551666457e-01
2.969232762015960869e-01;-3.672842459569396478e-01;6.754084826155815069e-02
-4.802871634852756699e-02;4.129633530107046369e-02;2.090605194509164155e-01
3.523182845183001621e-01;1.435776951965249681e-01;2.640266093611320919e-02
8.211791568869930558e-02;2.896985071424791336e-01;1.587077755008761137e-01
6.427065211999810623e-01;-7.450666555192464457e-02;-1.540650074530370839e-01
7.670314961224485861e-01;7.867540857239341268e-02;-6.138458081040953918e-02
8.007018640112585350e-01;-7.827907312654458494e-02;-2.231722027649484241e-01
5.229665835634828008e-01;1.315602200925205523e-01;2.331130224152809793e-01
1.472310744031770646e-01;3.707499012725113952e-01;-5.469474499733451012e-02
6.975790508754076136e-02;1.977394855601766199e-02;-1.629968235687137001e-01
5.171449866040300769e-01;2.067772168854458137e-01;-3.329580920990501403e-01
5.638045276218051072e-01;-2.536912425018611472e-02;3.441704489691971292e-01
5.391199378155003830e-01;3.679182945200221155e-01;-4.526014436614089753e-02
1.156751523977171958e-01;1.588854702326571999e-01;-1.061355943458415219e-01
4.670162609866678194e-01;2.384492092513265105e-01;3.785155613013478915e-01
2.885581012703457571e-01;-5.130637737746934768e-02;-2.624558691256725362e-01
5.034485933813779290e-01;1.682127985550162519e-01;1.194903460096145009e-01
4.190817851362180768e-01;-2.081812237026903212e-02;-4.743579341935643123e-01
4.801723692273323074e-01;3.360254672687845723e-02;1.079050927934446236e-01
3.858717591863256580e-01;-2.432234322794920578e-01;-2.151270980380771691e-01
2.113076991560036699e-01;1.103337833109183652e-01;2.161506742231935618e-01
8.114934953468033729e-02;1.811178539649828112e-01;-3.185616523043730552e-01
1.280797719489324971e-01;-2.879551600917733545e-01;1.109809888509917242e-01
2.534213793027181305e-01;-2.631294410255179406e-01;2.805255152438618227e-01
5.675498992914704832e-01;-4.044646861653318215e-01;1.238593246765730127e-01
5.070940360887807863e-01;4.669741271407001904e-02;-2.680529038840245848e-01
1.337120819104330449e-01;4.001191460451059001e-02;3.800790875614582509e-01
3.652056122837181729e-01;-4.398576573992147853e-01;6.229681587790980579e-02
4.538022407123762925e-01;-1.944756893419764543e-01;-1.030184829257165813e-01
8.227571905133943542e-01;-1.293808118106409832e-02;1.062529377509774386e-01
2.986630277723131277e-01;-3.536260078377508886e-01;-1.324655777084685626e-01
3.395116886329101469e-01;-3.943353157382560870e-01;1.408263146902062335e-01
2.032751475675955710e-01;-3.989541889893533089e-01;1.921613416941319041e-01
7.139702695060188287e-01;1.152194382310108844e-01;-1.937463792133883311e-01
7.275378955668743153e-01;2.336143805614020463e-01;2.693048936413398042e-01
9.736198677503526966e-03;4.795948897369295416e-02;-4.562266544003912294e-02
5.004866469398427942e-02;-1.753240731099400262e-01;2.373570773877996531e-01
3.594467684059866608e-01;2.850165438370568793e-01;3.920846889402344049e-01
5.881347060865421694e-01;-6.239687594460807674e-02;-2.453293779539488240e-01
3.614774646247341794e-01;1.372014768082804315e-01;1.593539222057827054e-01
5.613706110704144159e-01;-3.148044321325320638e-01;-3.258906646659156525e-01
5.246635688542637954e-01;-1.180603603471040985e-01;-2.943127378044448905e-01
5.439042535411307000e-01;3.030213324915831397e-02;-4.580487765683637358e-01
8.799703293588506670e-01;1.018815896363221007e-01;8.242265820724647973e-02
3.394049896944522082e-01;1.129395824945255145e-01;4.430758377447076013e-01
7.869249002092695289e-01;1.458108126552060124e-01;-2.140932107608398693e-01
6.764474464997246583e-01;1.561618376810715025e-01;-3.225712305302931293e-01
4.058526929518290194e-01;3.407030280112000042e-01;2.328015447662505899e-01
1.975484513188205948e-01;6.502199285901610892e-02;1.888853020500906865e-01
5.159854502601790571e-01;-3.119752653845838664e-01;-1.446154313142605785e-01
2.269316163380791229e-01;-3.511119496675553231e-01;-1.943957845097851189e-01
3.486106309545425885e-01;2.220709382027370449e-01;3.861957804650745230e-01
4.882022669483905286e-01;-1.902711011387625550e-02;1.423255259052274013e-01
4.606600944161709510e-01;1.034876665964548081e-01;1.764679372263622259e-01
6.886149646724064599e-01;1.726905644160936504e-02;-5.980100204450944368e-02
5.425651995351915557e-01;-7.875194670592799984e-02;1.361773647082327177e-01
7.398022856356172294e-01;-1.161670480669559913e-01;7.187227122718653494e-02
8.610141784627733941e-02;3.026433097957104135e-01;-4.181311326210734869e-02
6.279393069737652100e-01;-3.538847644700249262e-03;-6.314929738482044641e-02
5.102251494776413043e-01;-3.646459177223144721e-01;2.513750860290456801e-01
1.719497261286310197e-01;2.593982624179637098e-01;-5.026015754946000502e-02
1.565300624442478306e-01;1.541746014740744686e-01;-3.019023672402598724e-01
5.085272726964665813e-01;-1.504936279131812160e-01;-3.859042151120666286e-01
7.506160578411378292e-01;6.122278828252492033e-02;2.339091137436644097e-02
-3.233163809999839433e-02;2.078350972297686727e-01;4.353821734264606835e-02
5.509734671509541881e-01;4.543186940690546738e-02;-4.377268941181143846e-01
6.567515056886350511e-01;1.938585950393734159e-02;-2.951187258492874443e-01
3.639313768123327852e-01;4.092202058615601601e-01;3.870179795271422307e-02
7.221031606002255021e-01;-1.195799924924376700e-01;2.756118509253274729e-01
1.871379580845755619e-01;2.928544190338393527e-01;7.759336588115750555e-02
6.102427986233115442e-01;-1.856498868162516080e-01;-2.883210106718536725e-02
3.942124472502999133e-01;3.282492524372183640e-01;-1.647919526291272696e-01
5.511475848816741463e-01;1.209285674784311704e-01;-1.476250533903455953e-01
5.341421382957368680e-01;-3.737352584354972640e-01;1.761775620754340022e-01
5.941505735098310259e-01;1.265475314505293269e-02;-1.946893233032687132e-01
3.603582712019263168e-01;3.645636095226699736e-01;4.664822018778846946e-02
6.266709920703232850e-01;-1.952489046138666806e-01;3.293946648588469417e-01
6.036859774607957752e-01;4.069847664491033079e-02;-4.034655298045591865e-01
2.012652607600003973e-01;9.835748429775881263e-02;-2.027621922913828145e-01
4.174463517550413005e-01;-6.957258967900981084e-02;-1.830534122088807170e-01
7.925232899548461107e-01;-5.661998562081227426e-02;1.070895787187540193e-01
1.374334683748063002e-01;1.236377754579065513e-02;-3.957751971916523281e-01
1.543915808418470093e-01;-1.381469067948613016e-01;-2.750664499348642877e-02
4.074119387178088969e-01;3.742225246851758058e-01;-6.453419659881332038e-03
1.747315255195195371e-01;-1.054239244023535971e-01;-7.817182146116863350e-02
5.079052140907037716e-01;-1.906272821372179127e-01;3.237903842212946914e-01
1.448763806590513958e-02;-1.161611169550205158e-01;-4.376349104445798055e-02
5.786699566725648225e-01;-1.380800091621350312e-01;9.366079120853842976e-02
5.125734683448192053e-01;3.736985934663450415e-01;2.239730554660938067e-01
5.522916485919396878e-01;3.456043629899068215e-01;1.924928266692252921e-01
2.063134987782127006e-01;2.889851599207933219e-01;-5.358048359841782737e-02
8.166352358412073409e-01;-6.901477948670375895e-02;-1.811331816788611659e-01
6.055858626438246350e-01;1.884050184921368665e-01;-1.254471129798786500e-01
2.406041665812916897e-01;-4.282881111523489936e-01;-9.037110510476797920e-02
3.855896996593978221e-01;-4.724632801305345131e-01;5.455117910449946983e-03
2.855119047369223395e-01;-1.596128957454943098e-01;4.140760734758519579e-02
6.619018126048700212e-01;3.336499619375855596e-01;-5.955864968757595967e-02
4.804676009936960090e-01;-3.608032986543044940e-01;-5.595625079779709132e-02
2.951377432643186305e-01;-4.605404671091006819e-01;-2.445396251317333292e-02
8.094546109372420251e-01;2.221432354559058631e-01;3.338662876536258040e-02
3.626756050653935359e-01;4.809873781626851086e-01;-1.659256402685338472e-02
1.857835555258702254e-01;-2.967769089139127292e-01;2.617981913776972203e-01
5.925324315371079953e-01;-3.655648705918781438e-01;-2.006044116283187684e-01
6.534279222569691070e-01;2.689227821076409786e-01;1.585405156700548934e-01
4.225765993367451845e-01;-2.004343220461261010e-01;-4.231379247238364893e-01
4.525009674078891431e-01;2.016989231075116962e-02;-3.571240386605882833e-01
1.842740929275167305e-01;-3.661716370003068599e-01;1.295576968917365734e-01
2.602339188004278991e-01;-2.296067136154744670e-01;3.427119021605549154e-01
3.338174195765295504e-01;4.099431438543920114e-01;-1.226819460368071546e-01
3.938140404569286934e-01;-1.123511945443529392e-01;1.327118787486009088e-01
8.567998154842861869e-01;4.011457102012228049e-04;-6.727086398029535896e-02
1.119940546986580854e-01;1.573534821701285669e-01;-2.771819583701828904e-02
5.077521222527225930e-01;-2.046985224281672178e-01;-3.633990963488273884e-01
5.448326040223138156e-01;-1.048690923884967319e-01;2.132068832826177207e-01
3.928645844474466520e-01;-9.571025274513089709e-02;3.093767841209382752e-02
8.634992408875883374e-01;1.903228012954871762e-02;1.775422674589531846e-01
2.980052929545028428e-01;-1.970842711668073788e-01;-4.343051410456342243e-01
9.583308413427005235e-02;-3.591970511073239170e-01;1.224136415659966559e-01
7.111237699334709284e-01;1.359547071637284832e-01;-1.118342938730044756e-01
8.174858431319902419e-01;-2.094954943285796123e-01;-3.001173184206340494e-02
4.296597239456199091e-01;-2.581067058871108211e-01;6.035711547075495176e-04
7.069654908839936303e-01;-4.033512959733875913e-02;4.657714203229490479e-02
3.769001064679700086e-01;2.183311753720039716e-01;-2.526596841809166660e-01
4.650853124527563054e-01;2.716269109786076941e-01;-1.104335464058081584e-03
6.288614422699468909e-01;-4.046007226867893714e-01;-7.129797901356638157e-02
1.850262359815157964e-02;-2.111150610908343328e-01;-1.021633744978430736e-01
6.610079234953920579e-01;-1.282759335976567661e-01;-1.075418137705199673e-01
4.771225860383208062e-01;-1.428788406994971893e-01;2.875490858587792520e-01
5.566310737078761228e-01;-2.596010871064931003e-01;-3.084070542651742297e-01
8.504591705752957420e-01;8.162229298919354559e-02;-6.338581023123390779e-02
1.824960659728522838e-01;-1.469496083996976177e-01;3.940943025332507288e-01
6.803655030068817000e-01;-2.366426669890120404e-02;-2.460147853897809433e-03
2.315646990671937910e-01;3.550302016199351485e-01;-2.929241907891447783e-01
4.069204379618346357e-01;-9.058792818298166960e-02;3.108785810079184309e-01
6.711228158518866005e-01;1.546506868659545120e-01;-3.484049251999006280e-01
6.418963269587151244e-01;3.484253790905247339e-01;-7.737080298639087417e-02
7.167794665056360648e-01;-3.183860322433973433e-01;-1.290589918422347937e-01
6.542482596820807794e-01;-1.068047989720777302e-01;9.063783399463776203e-02
6.093208284726095991e-01;-3.326786959989396220e-01;2.806317174255571478e-01
1.653261375554669899e-01;1.015538792998240680e-01;-2.034400877940693020e-01
4.138544642067677470e-01;8.890555591055893103e-03;-1.307192297844589346e-01
6.143266357349975726e-01;-3.828385618688090464e-02;4.209945210965758688e-01
1.740715893421910243e-01;3.070709038667029933e-01;-3.047593970435079624e-01
7.565372237479268680e-01;2.011698615902597354e-01;2.270567616153901236e-01
2.805177098698945493e-01;-3.369646630684089983e-01;2.862056522610579856e-01
6.048710100433817294e-01;3.171281420155851460e-01;4.643031607784731118e-02
5.727029942088980308e-01;2.966813971913723202e-01;-2.495321012075010225e-01
2.067765995221412245e-01;-1.470414965476434244e-01;1.212924490496101182e-01
9.899213895943681507e-02;-8.166613589771987147e-02;2.509397983633182561e-01
1.330350472746422152e-02;-9.639899763840875657e-02;2.378849848346061835e-01
2.976123785528705934e-01;-2.357237368413607204e-01;-2.946670612932001942e-01
1.972907903073336522e-01;-4.079330139175245673e-01;9.904458715038155781e-02
2.129073942136482378e-01;-2.289037462359342356e-01;9.766828270270311307e-02
6.011395944174736661e-01;1.801118854469726527e-01;-9.184830913330188640e-02
3.502542461428903575e-01;4.575810150838173218e-01;-1.009646823575652830e-01
8.145486638485589515e-01;-6.597902729124116572e-02;-2.412883578445590427e-01
4.894539894846972050e-01;1.132916848873790627e-01;1.376882468959355066e-01
4.214490241668801263e-01;-4.315412806664219447e-01;-1.288870615698721744e-01
1.688535143821935369e-01;-1.315510800834210903e-01;3.953460891531692667e-01
5.302472194561579366e-01;-2.516163912567924710e-01;2.054608302834862732e-01
2.010460778343130528e-01;2.631242630130481430e-03;-4.438239226525609871e-01
6.644407280755043610e-01;-9.032894662400736685e-02;1.551737145243380356e-01
1.043186341110269311e-02;-2.108125537040501651e-01;-1.901931246775310225e-01
2.568859751711102257e-01;-1.462108412635639842e-01;3.285555979060813536e-01
2.567962583589822323e-03;-1.072692567285837839e-01;5.337118974977184127e-02
6.036540611974317017e-02;1.736454174749076929e-01;-3.207467442607192520e-01
5.345484481333206972e-03;-2.776386952518297146e-01;1.922457078020511911e-02
2.910328691273986745e-01;-2.657966290736658577e-01;-2.804460767701980606e-01
3.157751035233219428e-01;-7.105566656985573548e-02;4.090500383808082230e-02
4.001127520766269985e-01;-8.804190496589803239e-02;3.705269662693841948e-01
5.056378893234114713e-01;-3.827960943197665777e-01;-1.627934244342479353e-01
7.433261677878831852e-01;-1.490534002045984519e-02;-1.663716041631343456e-01
2.725332737595508314e-01;-4.312863222760390247e-01;-1.304258005732268355e-01
7.044946424318223599e-01;2.728095732903373927e-01;4.841916299356263664e-02
6.819599771579591962e-01;2.517469923958404188e-01;3.030020719578371269e-01
5.204737850519706166e-01;2.422531871990871721e-01;-3.301189939492646941e-01
8.082284887003229334e-01;2.587153211639207084e-01;9.715530599030186565e-02
5.323913243283874275e-01;-3.435232839963994200e-01;-2.607877988389728507e-02
2.138268082244155766e-01;-2.584993720071665502e-01;-2.850873629636041517e-01
6.962414505413685450e-01;-2.280539605815512516e-01;1.923589224610581239e-01
2.245118001753421133e-01;-2.304881377077273585e-01;-3.090734149283564935e-01
1.646350269253573639e-01;1.619689447938685856e-01;3.149397285405391989e-01
-1.161505301548126923e-02;1.989488284873855983e-01;-1.316527862056486864e-01
6.837382510752364473e-01;6.618069122507086455e-02;-1.872220107896459540e-01
6.643533864364273844e-01;1.237430848640090897e-01;2.623026245009599799e-01
4.633953507126401528e-01;1.246140481145315837e-01;3.644332468683640913e-01
6.567301670685680159e-01;-5.770619454886471988e-02;2.073970000329277141e-01
3.547643425526610939e-01;1.747863021674105344e-01;1.775316138836846580e-01
4.003594462155606326e-01;1.908839765508227870e-01;1.971358058918092349e-01
5.359403268267108889e-01;9.930211613943773497e-02;-3.206439897107590253e-01
5.369104284420456175e-02;7.260723288202242109e-02;-2.229874756740212183e-01
9.665358495295872654e-02;2.374260857706772532e-01;-2.134804510728770532e-01
-1.726316438181008106e-02;-1.546200491998916959e-02;-1.975804887214636096e-01
4.806990845542850055e-01;5.508760389863920359e-03;-3.559212139868004332e-01
-1.772767572293809657e-02;-4.041594278637694604e-02;-1.935365319571796805e-01
3.584314241314380256e-01;2.250060762991187291e-01;7.428757509021099992e-02
2.138754967224705261e-01;3.802270536390295330e-02;3.401080784391998790e-01
9.516651721865043712e-02;-1.060746259341127651e-02;2.416414518360422425e-01
2.614037790671863704e-01;3.597946748116456206e-01;-9.319519904827644474e-02
3.896244620502448130e-01;1.447452485768185859e-01;-2.701732742023815748e-01
4.122354337314948491e-02;7.087741683947623716e-02;-3.147296446166762962e-01
2.745482433795812804e-01;2.977322633482140102e-01;-1.326092713029295433e-01
6.959263871435024118e-01;-3.248768598696467613e-01;1.727646144124667105e-01
6.502657639388422783e-01;-3.479514325755082016e-01;-4.167640541242456642e-02
3.680690542342901495e-01;-3.370058706018119743e-02;2.605756424552823081e-01
4.098540095504576986e-01;1.275644625729377424e-03;-4.497569901770178680e-01
6.245982868476289696e-01;-3.884070000427525260e-01;1.083195000077716852e-01
7.014457762229536764e-01;-1.079064230954273063e-01;2.507696492110557118e-01
5.773931298888728136e-01;6.578155484099634798e-02;4.291447172116873432e-01
7.268585609727531427e-01;2.473563766143216380e-02;2.752440518349492660e-01
3.467145272585203664e-01;1.517960350166380756e-03;-2.533413841945935108e-01
6.538680827099130344e-01;7.789111269408832694e-02;4.043597749938572239e-01
8.463245734736923875e-02;-1.578923791364059692e-01;-7.004238022017827969e-02
4.314549141893053719e-01;-2.120546573240075228e-01;-7.180415467175405020e-03
4.768573811327002643e-01;-3.601830183311260924e-02;-3.812909044908885381e-01
7.252387694636208693e-02;6.797429731608051195e-02;-2.036423864867116240e-01
5.920112559466547131e-01;-4.207100556597209717e-02;-2.734783739638942945e-01
2.592087469826903634e-01;3.235522266118190382e-01;3.206961607667793146e-01
7.057145256682179069e-01;-1.718205172023880012e-01;-2.909406262931539811e-01
7.409087104029071780e-01;-2.787613035539360240e-01;-1.190087263316000898e-01
3.591240232866809157e-01;-1.967141091507170758e-01;4.325548784193120611e-01
4.315721526867312141e-01;-4.673409392155041253e-01;-2.440380817799170377e-02
5.127958355365104248e-01;4.384821582141545937e-01;1.617777324716385134e-01
3.032077561332522375e-01;3.336440104751723368e-01;3.146710047099892105e-01
5.874318213129336996e-03;-1.451023165134459614e-01;-8.682748279228047483e-02
2.952593154311577983e-01;-3.182211327826380831e-01;-3.431872946831943105e-01
5.298206544347077163e-01;-9.678936681617722471e-02;2.523978823037879016e-01
3.313017063410146346e-01;-1.209595146169649693e-01;4.150607325172224193e-01
4.140954425512597403e-01;-1.915317185105159803e-01;7.304220061901567362e-02
3.171934185645765014e-01;-3.397743990234937117e-01;-3.290635975791517120e-01
4.739498660690104614e-01;-1.071048911068209764e-01;-4.713475724223454844e-01
1.752391810370083070e-01;2.094388646339747639e-01;-2.285079974572886696e-01
2.344011789887486819e-01;-1.054276846810762169e-01;2.994058693023293749e-02
5.415044812562517240e-01;-2.401718620597005360e-01;3.860861088135163488e-01
3.113039720662312826e-01;-2.594684148198512785e-01;1.723838432917036423e-01
2.969921622074741530e-01;-3.436830292911391416e-01;2.379509473975921496e-01
5.594229620819975990e-01;7.780705025108469730e-02;3.661015453778346807e-01
3.111904758694911122e-01;-7.251354590973202452e-02;-1.697153324979155942e-01
5.738388982700046714e-01;3.468872244289528117e-01;-1.756706226484819888e-01
5.825324595377215919e-01;7.535917312909856669e-02;-7.093763069733405313e-02
5.923543061544142008e-01;-2.666671773506733567e-01;1.253301699544538961e-01
3.785283699195225449e-01;4.288595498455656241e-01;-1.680284952641545315e-01
4.639195667556237357e-01;2.785352077603331367e-04;-4.306059140958166109e-01
3.434114860483394871e-03;-9.797278311175927623e-02;2.289392001051572256e-01
6.121370458806050241e-01;-1.434038240137943676e-01;-2.455186683817397464e-01
8.576316462725879219e-01;6.574495061328922141e-02;1.446132773989416975e-02
5.071352808835769554e-01;-1.112736521234533038e-01;-2.597008765496332527e-01
4.827144493446815510e-01;3.124738210441716513e-01;-1.730589756633247323e-01
5.821916892550987876e-01;-1.847605653505491885e-01;-3.667900758633713121e-01
5.934221280563090062e-01;2.006114963944516383e-01;2.534721106595967388e-01
4.855637287933018964e-01;4.137442090743825851e-02;-4.139678429670567983e-01
4.443448876343211174e-01;-2.662592079632557507e-01;1.377741418455915579e-01
5.893104121026903064e-01;-2.476880729303129192e-01;-1.922290947068509004e-01
4.831302190995835355e-01;2.302217177572492002e-01;-1.351775297922013230e-01
6.017382738772572015e-01;5.646463734882201102e-02;-1.413784180464086049e-01
6.562537914224343405e-01;-4.581633726329392697e-02;-8.772027216833444552e-02
4.845431132594582024e-01;4.693218122841789075e-01;-1.221607862728133487e-01
5.143231436996331674e-02;-2.258381051964630792e-02;1.018067339454472586e-01
4.523661378172343372e-01;9.522973271940160522e-02;3.719130612805054970e-01
4.402788931874210832e-01;-4.207197153688082558e-01;6.585056031324665327e-02
6.551336174451959371e-01;8.662391828366267088e-02;3.284386709389908177e-01
7.286529061182892564e-01;2.834695600492677103e-01;-2.229307502866003654e-01
4.806452259096340995e-01;4.359372482485595057e-01;1.722506872941946821e-01
3.398556397138349228e-01;1.439565794476135308e-01;-1.190481549765249891e-01
2.832153659472517182e-01;-2.836672223691729666e-01;-5.742265406718460863e-02
4.880004634296284394e-01;-1.468971110616105191e-01;2.997833644457833513e-01
6.844054732127973217e-01;9.856299321775996436e-02;-8.585893178433379180e-02
1.204876394147492702e-01;1.256507894272764769e-01;7.160764948294384702e-02
6.636922693503205517e-01;2.340137092200822444e-02;-2.732273746803542958e-01
4.117074471147008641e-01;-1.670571503367479504e-02;-1.172158995969594386e-01
4.993597250421656364e-01;2.286562842366026693e-01;-1.846362567338825089e-01
7.903163744158381299e-02;2.975140452964858406e-01;1.775458051837758289e-01
8.089190137889834542e-02;2.991579711047820389e-01;-1.658072858268900829e-01
3.158185680184110167e-01;4.858841505468847188e-02;-9.726051525316925517e-02
5.754560453364255812e-01;-1.039990336143847838e-01;-3.669902010926712199e-01
3.183895333783335335e-01;-1.421887506644069488e-01;9.378063194345220843e-02
4.534717762098499083e-01;7.028693873139046921e-02;-2.898928070876481966e-01
6.802126485356335683e-01;6.389292105540234079e-02;-2.388375674891397571e-01
6.350251861898233985e-01;1.101079220362346511e-01;-1.182232468918598123e-02
4.992992870063887034e-01;1.370785521530482054e-02;-2.118154740404705194e-01
-8.578008182861807107e-03;1.256819122613526130e-01;5.053168059622559216e-02
7.101610899597025073e-01;-7.032663664485205857e-02;2.498599312882687773e-01
1.687976150301981892e-01;-3.013554231025942221e-01;-2.531429724042670859e-01
3.264997472418611490e-01;1.154207798208354285e-01;-4.184250743886340773e-01
1.139946786983135896e-01;-2.167155965074226698e-01;-9.968716382700593126e-02
3.585185621870153883e-01;6.459063893346350671e-02;1.630272037231473847e-01
6.201574609309402630e-01;-2.127787907948491819e-01;3.797524022943435940e-01
1.390663840750296920e-01;2.580404210112164920e-01;2.600055449620984893e-01
4.750605734588146944e-01;-2.931821068666037311e-01;4.455941669355367729e-03
6.452147426908345640e-01;-2.677753090986568774e-01;-9.467463935304665235e-02
8.092526944369924369e-01;-1.297678143154232799e-01;2.512789243737668654e-01
8.562918815133613304e-01;-1.233235595705375331e-01;-1.607593388261636669e-01
1.485398209274260140e-01;-1.830573782327186150e-01;3.088263234916840405e-01
2.316168491078339775e-01;5.793174308312831755e-04;1.457250433510536292e-01
6.050409063535927556e-01;2.419777295139858841e-01;1.777232412013204366e-01
-4.636520847916913990e-02;2.174649906119121567e-01;-2.452428476726631335e-02
7.364421924698697497e-01;4.890963164007167130e-02;-3.108042076096451112e-01
3.608983382065819034e-01;3.287089838180063950e-01;3.295627156830498450e-01
5.710129805329098307e-01;1.970241660042995058e-01;-1.370171595961283684e-01
2.440916178494421107e-01;2.054383730485842552e-02;-5.933511657570644804e-02
3.151456539927457445e-01;-7.780776611932194164e-02;2.850639210464311901e-01
3.189697737795244015e-01;-4.197138341613138035e-02;-2.433527928139042062e-01
1.042421063684288995e-01;-8.130485667231579505e-02;-2.803650714054309878e-01
3.305358209130370151e-01;-3.808593280039518358e-01;1.239282073210656865e-02
5.755867735674388141e-01;8.894070069880188889e-03;3.614456860213242084e-01
3.607336002416738907e-01;4.888405413036630565e-01;-1.676792412456484804e-02
4.555495698856198983e-01;-2.086389271622555164e-01;-8.260521767085204914e-02
3.929569716558600767e-01;-1.698440496843955927e-01;-3.931992959976363666e-01
1.980662011700041747e-01;-1.795987138597850974e-01;-3.357131567275907225e-01
4.445553246546755100e-01;-3.401202366335586147e-01;1.912466637859893126e-01
6.964405615234773306e-01;2.394692332387272637e-01;1.455343564105222587e-01
2.773631767966507899e-01;-8.648346971004083894e-02;-4.601885605542461732e-01
5.276688771588087246e-01;-3.079839152599632701e-01;-3.539789807030374602e-01
2.559577734706405261e-01;-3.514932183563191925e-01;9.646707541354371251e-02
9.668819731282307650e-02;-2.625166948306160153e-01;-2.001024070054637782e-01
2.625019845315131883e-01;3.239976518799783101e-01;-2.959123388442397307e-01
2.161013115469705426e-01;-4.442591464125582590e-01;1.098127615481170327e-01
6.415661084668295988e-01;4.667726489731172101e-02;3.844787275967591622e-01
3.650363342209099748e-01;-2.730214605284789764e-01;2.439051873021519379e-01
8.615507321375662775e-01;-5.514756717245916651e-02;-1.095159955071678404e-02
6.621745871816446805e-01;3.118067183508863582e-01;-1.581509580827418215e-01
2.950533378567959941e-01;-4.487365408240018283e-01;-9.812372876326047599e-02
2.569824294686638977e-01;1.347441411040295467e-01;-3.135801951460254200e-01
1.919111734978072858e-01;2.486087085818323716e-01;-1.739876433847931114e-02
8.571348325397961654e-01;-7.289495463965678379e-02;-2.489965930827953144e-02
1.521728774955299901e-01;-5.327353129735945547e-02;-3.765501341896448917e-01
6.281164373361664000e-01;1.002514100995830493e-01;2.312505893473750795e-01
2.416411126906018447e-01;1.484645569002370769e-01;-4.315592907573738701e-01
7.157453806261209195e-01;9.731237833071182397e-02;-1.063644797225579142e-01
6.549977466365564105e-02;2.066041289942177617e-01;3.534776806165673690e-02
-5.850267449009360909e-02;-1.779324648042702739e-01;5.974466133367495324e-02
6.260848514838505130e-01;-3.786970019944658761e-01;-1.972248717280328245e-01
6.625533034970065849e-02;-1.202625951783512503e-01;1.171942271169666983e-01
6.622120583141770656e-01;9.171696889240044115e-02;-3.079766308636554539e-01
3.897858679882407751e-01;2.865660398927560859e-02;-1.655574728818959285e-01
4.581711838904407585e-01;-1.529976645878000641e-01;4.328676901266330646e-01
4.528148757183491080e-01;2.406635810666259978e-01;-1.498201247595876140e-02
5.141862443190113874e-01;-2.633902172924926788e-01;-1.650191489319619009e-02
3.490785141348758946e-01;7.761308063713368011e-02;7.090705375214478856e-02
2.667983206462684054e-01;-4.005053311270353467e-01;2.665959447120516135e-01
5.007921493396191304e-01;2.008656972438799260e-01;-2.147941973195859333e-01
6.577765603751579704e-01;-2.180816444027483536e-01;-1.819603883054801141e-01
8.128008004078617343e-01;1.103630078181569996e-01;4.640707421213208228e-02
4.592181317684581598e-01;1.474219375677987554e-02;-4.004202864599710754e-01
5.032130620995043380e-01;-4.202849268127150095e-01;1.831142857230465548e-01
4.817215274734767405e-01;2.663472131046523694e-01;-9.358346342598133916e-02
5.235053112473372350e-01;-3.687120279951757729e-01;-1.903082888948108842e-01
5.763983689100060648e-01;-1.990336803683783184e-01;-3.159552279497864768e-01
4.383631021010228057e-01;4.132296862792704806e-01;-1.120272456021136342e-01
2.321725220617325558e-01;2.008084180017403186e-01;2.653162995253862677e-01
2.937551415654067188e-01;1.082113767664466542e-01;-5.542649893057149946e-02
1.999293974730662615e-01;-2.569133513156973692e-02;-3.319799478073214294e-01
6.010975873642699918e-01;-8.926845650898795892e-02;4.637287977434900732e-03
6.172618758657564264e-01;8.207013112422356649e-02;2.978046813410725191e-01
-3.124609357751251260e-02;4.971725516331104711e-02;-8.283572102429792583e-02
3.716263651952617098e-01;-2.725183963064600201e-01;-3.338150003902508045e-01
3.328399210571723055e-01;3.554247309779823283e-02;-2.301660738234623249e-02
2.358163646415345482e-01;1.150697540146979891e-01;4.269075621458641168e-01
3.395629417728986965e-01;1.046013134644130371e-02;-2.412075916354760041e-01
1.875111993837590418e-01;3.822010186847524249e-02;3.332354785960500720e-02
7.533171866665860916e-01;-1.666971705762798628e-03;1.032454226840298084e-01
2.845158137062665515e-01;-1.530410496224141603e-01;-6.819290489222273877e-02
4.764889031398659158e-01;-1.579305653424446509e-01;3.099787436834724463e-01
6.180141781270015455e-01;-1.279564321877926236e-01;-4.075504829629333914e-01
3.910197626689100314e-01;-1.792664176884287697e-01;-3.077420815319080738e-01
3.447127768583357899e-01;7.654498995114000781e-02;4.833407684142265737e-01
5.073244167930659465e-01;-4.114216603633559233e-01;1.768722758275764750e-01
4.448010852760984069e-01;-3.743565075876860160e-01;-2.102720162617853772e-01
6.040314525916569144e-01;-2.825470677827640609e-01;-1.333211202970185916e-01
6.662454727603789317e-01;-1.959053640287161668e-01;3.116270144448535229e-01
5.636214164487507450e-02;2.517981635869329660e-01;6.826861626876834510e-02
4.793134027884609072e-01;3.890006108146658592e-01;6.930498441220200867e-02
1.328585568760942692e-01;-7.998270567917242779e-03;-1.897647162552952294e-01
1.581076431734147469e-01;-3.601458255961920152e-02;-3.667157419178268540e-01
7.343247957493985734e-01;7.735340121966771676e-02;1.464073752280889984e-01
5.389630219732846061e-01;-4.185527871088408070e-01;-6.498540565977661831e-02
5.916434019733182170e-01;2.950115369284703748e-01;-3.366455502568435065e-01
4.281892617563561876e-01;-3.273900399249740634e-02;-3.932881808976457227e-01
5.473421343730912048e-01;-3.716500733853052019e-01;1.501871664456533306e-01
3.268947278233026443e-01;-3.097506028211649554e-02;4.285555328941359488e-01
5.622321583295930569e-01;2.153223105291356410e-01;-2.318567703880791697e-01
7.771204676622880392e-01;-2.568200197357740633e-01;5.057063454136423442e-02
4.464763610253764670e-01;-4.086467572764441725e-01;2.566465493523988339e-01
4.727702766869458229e-01;3.194956853860523305e-01;-1.732611094313664113e-01
1.058819881783211736e-01;-1.475189530566488605e-01;-3.738898583213750015e-01
5.182850210137198710e-01;2.814620887547092387e-01;2.032772277324516041e-01
7.508527573220954432e-01;-2.138649575416856630e-01;1.404472739932528524e-01
4.797928438329550627e-01;-3.334964529504849118e-01;2.122202051771586717e-01
4.661455715984230697e-02;1.459278930230393234e-01;-2.671208538481849581e-01
6.548274583623312495e-01;-1.905374235538176420e-01;-5.202834361781005779e-02
1.948172383467668967e-01;-1.454517911713926193e-01;6.459408129032151447e-02
3.528833604155117154e-01;4.457151084410244657e-01;1.768200436300469969e-01
3.032043317233590329e-02;1.434289495173307616e-01;-3.028170180319337268e-01
7.214712527761908412e-01;-1.459354376449059076e-01;1.558207673273928062e-01
8.101961241446964390e-01;-1.171666052315647466e-01;1.306352949830804633e-01
7.230035744469347492e-01;-2.649687011880813570e-01;1.522811128184462515e-01
1.717175988981797241e-01;3.159557894152066337e-01;-1.216843928347405290e-01
5.296835952592029440e-01;-8.383905359384224987e-02;-3.334614865027299979e-01
7.429454824561971815e-01;-5.411338014019217990e-02;2.085835457678252292e-01
5.373021565380239339e-01;-4.293033918156338169e-01;-1.384598122370434004e-01
7.160567571143235943e-01;-6.793271493338226552e-02;2.963907226197088907e-01
5.043044198214788887e-01;1.300186806188273758e-01;-8.261705819952669394e-02
7.131420044817254889e-01;8.843124045345229778e-02;-2.892369005700937690e-01
3.156277820291552016e-01;-2.416995708724077874e-01;3.670116069106004186e-01
1.042564679363964242e-01;1.268026300648439353e-01;-1.412574894571113626e-01
3.923670487012489438e-01;-3.076842272156494751e-01;-3.606373654510908189e-02
8.522640145333723050e-01;3.305529009471119828e-02;1.315443786761603118e-01
-8.538877223760454882e-04;1.229540441833817388e-01;-5.312580479956108270e-02
3.063322309637678265e-01;4.265853832183811312e-01;2.104218150124117503e-01
7.478498788336596093e-02;1.480303180552141606e-01;-2.545455374610695598e-01
2.893897796668735145e-01;2.326126992403987348e-01;1.847251638810045726e-01
6.697314182968802099e-01;3.109351926726106052e-01;-9.964337316016935731e-02
-2.778681466481203177e-02;1.844353610693074685e-01;3.220414858634446098e-03
