-6.805498135788423664e-02;-2.087708598019580863e-01;1.118528947223794701e-01;7.412847703891098372e-03;-1.638068189474169156e-02;1.861972816774074696e-02
-4.393001578296407139e-02;2.851759613930135995e-01;-3.003262178416402639e-01;5.655811953462076824e-03;-1.713980582215228823e-02;2.311690287406033967e-02
-1.953862308266293146e-01;-4.023278859936161300e-01;1.842330265121568944e-01;9.182731667660322394e-04;-2.135507740641725064e-02;6.341645220753359957e-03
-1.113227103105179916e-01;-2.286509682261040899e-01;3.287375091519293413e-01;-1.234005464935948940e-02;1.518467259386512697e-02;1.589110367830953024e-02
-1.890176782843377978e-01;-1.748166779732529541e-01;2.296061783380640708e-01;2.394736779273309163e-02;9.347655122518561122e-05;-2.252156013613143548e-03
2.273282938199405745e-02;-7.245898164145037068e-02;-4.745808732559048115e-01;1.267378027232403392e-02;-1.837646718290367187e-02;2.345775689656208474e-03
-1.856440189236733262e-01;8.570691164702770592e-03;4.075664739260930203e-01;2.312380006542547051e-03;-2.052634385948064188e-02;-4.100795724654320018e-03
1.334037565104234657e-01;3.714605901877177097e-01;3.036720768991144626e-01;1.766423992836010232e-02;1.780768109973301233e-02;-2.003811675401595202e-02
1.721355474058785529e-01;2.616196153287175807e-01;-2.623624560076003309e-01;-2.046395586260845931e-02;-1.186522614990323521e-02;1.873830312769967504e-02
1.335297107608947043e-01;3.577468407475847822e-02;-4.097102299455916974e-01;-1.855487074632505493e-02;1.099984013137231265e-02;-1.994171901934484181e-02
1.451727904094498589e-01;-3.256335709950085588e-01;1.909377381024659481e-01;6.156892687391269520e-03;-7.196635044042758861e-03;1.444569814829334969e-02
3.172222002012158315e-01;5.520081159946232940e-02;2.965057835600648506e-02;-1.331547755873182040e-02;6.960091469497990679e-03;-1.321587327120575354e-02
4.004180571633304542e-01;1.331014572732679424e-01;-1.609702089512993206e-01;1.068301415560769102e-02;1.868390172803743865e-02;-1.865991004366199940e-02
3.870864242651173015e-01;2.798755458576238642e-01;1.420316461542877606e-01;1.832978442977517552e-02;4.678762720714896989e-03;-1.864447545664880274e-02
4.873378936658612215e-02;1.918951976926932534e-01;1.519612595026005319e-01;-3.622907232014398876e-03;-1.695698532574510531e-02;1.001739444332847701e-02
-1.746003018407322749e-01;2.464914051180241428e-01;1.496328990472146625e-01;1.294340672089748512e-02;-1.971017398636005363e-02;3.069926347322171623e-04
-4.063252321719075244e-01;-1.322841969405664786e-01;-2.347976323182745517e-01;1.573125280129585718e-02;2.180815207754982499e-02;6.758933370884998015e-04
-3.047570122019555017e-01;2.224521152615053232e-01;-2.192276375591442061e-01;2.251396118057035628e-02;1.784448522801490578e-03;-5.290475270004601355e-03
7.006117008936496582e-02;-4.028235062292314650e-01;1.150072266991697401e-01;1.741015642764477678e-02;-3.508644770955464398e-04;-1.404874471773849554e-03
3.773730719279554391e-01;2.407686177542044392e-01;1.970157409952679739e-01;-4.843755295085849788e-04;1.733925009348726703e-02;1.659707708440260471e-02
2.982951789667751541e-01;1.499639307777651531e-01;2.019668772577033478e-01;-4.824000377989440258e-03;-8.335007006473750535e-03;-4.035987980435355726e-04
-1.244170473600559879e-01;-4.060180601591310001e-01;7.828014099617397470e-02;3.638625486855451285e-03;-1.308313946860015231e-02;1.469775423577953516e-02
-3.729394873481152173e-01;2.224326005480437018e-02;2.699935530986108390e-01;-6.758617133788558107e-04;-8.297722579002020371e-03;-1.965895035180047212e-02
-4.483182788313923028e-01;3.135463156814799479e-02;4.063512161010651713e-02;-1.305774197981965368e-02;2.246405858779918635e-02;-9.745015659023671672e-03
1.630034830119531097e-02;-1.770435270587540355e-01;2.951861947687036691e-01;-1.655703553164823705e-02;-1.966360417250338777e-03;-9.645612831987566971e-03
-3.435629573289139538e-01;-2.497571018354046712e-01;4.922666470612047096e-02;-2.324203748644029441e-02;-8.842739136029138108e-03;2.205431196973427904e-03
3.554605840110072190e-01;2.036578593800236758e-01;-2.582617091267480625e-02;2.585618600998346173e-03;-7.172053941155564355e-03;-2.634862187369968467e-03
-3.267981300899848174e-01;-6.614835076202696396e-02;-1.014952656026265609e-01;2.327589591173832156e-02;-6.132576138484419070e-03;-1.208865933700085243e-02
-1.253873853735287813e-01;1.258599157142363811e-01;3.136258580087702974e-03;-1.282664779666199510e-02;-2.111769364793292247e-03;1.297600743584720329e-02
-1.118300737934780908e-01;1.432882184423531768e-01;-4.174710950848337099e-02;-1.470059079057633999e-02;1.046480635703840589e-02;-2.394250883252918571e-02
2.350710438038857708e-01;3.034809303848485795e-01;-2.179654274286935145e-01;-4.053351100802699697e-03;1.379325326013934594e-02;-8.063352211278431575e-03
3.584127518430118009e-01;-7.100597262498165030e-02;2.508710677914973708e-01;3.186855072269973582e-03;-1.475103835870446127e-02;1.209976955630861356e-02
5.252372447857145410e-03;3.264574661077416229e-01;-1.799503989693882477e-01;-2.238604483656202182e-02;1.762713224377501775e-02;-1.509018067891659300e-02
1.318372121697992672e-01;-5.155447802168022786e-02;-2.067892283019354682e-01;1.871990158541653876e-02;-7.373537934974135760e-03;1.113417872372433198e-02
-5.846949862662298436e-02;3.877041827582997646e-01;-1.490849874479213133e-01;-9.038735110690577362e-03;2.029558356173238182e-02;-1.866814372408128267e-02
2.771469159274367877e-01;5.840424973580504719e-02;-7.577799075302371623e-02;-1.607401053637006610e-02;-3.484937420598840929e-04;-2.090307804809269504e-02
1.293986381352625337e-01;1.957486889846171696e-01;-4.545893523222677146e-02;-1.520099076491190394e-02;2.218831911060072104e-02;2.382448305739436056e-02
-2.226188170188673210e-01;-3.118788402762386891e-01;-3.630159506001784386e-02;-6.187033533478901448e-03;2.116430105069678352e-02;2.241233783671588153e-03
1.134151959357898587e-01;-8.175696370938112523e-02;4.327284833540132603e-01;-1.151287670631164807e-02;1.011993605402992935e-02;7.945090328742861197e-03
-3.864424078003709795e-01;1.715731955927995989e-01;2.030770090379330206e-02;2.445626595543667209e-02;-1.174763562953583598e-02;8.602975133086769588e-03
5.190683877448554195e-02;6.093797153538627054e-02;3.766536026583450214e-01;-2.239881224852765737e-02;-1.931769806516403162e-02;-2.480408125244533760e-02
2.551372556736190012e-01;1.203095513534646610e-01;2.040797680992235685e-01;2.497303405298365725e-02;1.511368485737388939e-02;1.433615073667703771e-02
-1.494124411934030228e-01;8.991768685463308319e-02;-1.077559549002676809e-01;4.863037644089844569e-04;-9.996645854728003835e-03;-1.743678577686620657e-02
1.398948915981079733e-02;2.836530127411430735e-01;-1.034572176787298403e-01;-1.076626305767681806e-02;-6.201438903543042558e-03;1.281550484901470416e-02
-7.381906007130401015e-03;-1.712483897124917887e-01;1.334008543167257699e-01;1.983089445157619479e-03;-2.112581867222586632e-02;-2.409854955205438867e-02
3.967884099060118297e-01;-2.603835973712764762e-02;1.675577385210271775e-01;-1.988339102329684388e-02;-4.475064315131033199e-03;2.165964585245091362e-02
-2.936662815942074900e-01;-1.357301389519245394e-01;3.417270854856879758e-03;6.870124060461078874e-03;1.509129499377575429e-02;-1.681270274772571349e-03
1.182547715302959546e-01;-1.310863604302275887e-01;-3.746528386685210599e-02;-6.916695840247861354e-03;-1.957998136416886498e-02;1.879665110931024591e-02
2.133495858845524396e-01;3.952068376871993305e-01;1.167744211566612567e-02;1.415800145139513994e-02;-1.659409512011374502e-02;6.130281938130262287e-04
3.261726645502316391e-02;-2.575294963652703384e-01;-2.307567690506190372e-01;-6.312596039377560420e-04;6.254577634326428937e-03;2.230934469956306204e-02
-6.834045377032060831e-02;-3.724196972044362397e-01;-2.162240942012755296e-01;3.988572088123983062e-03;2.010863338930930083e-03;-2.248385335326680279e-02
-4.197662543383577916e-01;2.451138957025467136e-02;-8.960317301033848825e-02;-2.185462619909880541e-02;-1.563266043366055846e-02;-2.337646141541258743e-02
4.293759891275857887e-01;5.676289301392978270e-02;7.161268946989984840e-02;1.216764477850061643e-02;1.116651519969815570e-02;-1.819718827841785430e-02
-1.763207635957563246e-01;-7.456356138358322116e-02;7.610378684455021414e-03;1.680394503976404691e-02;-1.726069825769440194e-02;-9.941220650132059911e-03
-2.113694467597442284e-01;8.123822142261227786e-02;-3.456372847257976888e-01;-1.255115504193175108e-02;-6.384645071347613138e-03;-1.226681170550190762e-02
-2.453593452362361482e-01;1.815027222239292692e-01;2.602278598896865525e-01;-5.524536780773976752e-04;-4.629605932265728335e-03;2.432847453896632567e-02
1.651972206962001311e-01;2.306542476911932482e-02;-1.411695158764975089e-01;-2.220368249358871740e-02;-1.789093118063242102e-02;-2.235870530456987582e-02
-6.086509142978158149e-02;-1.230555705750924211e-01;-3.732021433039356406e-02;6.292059749118790457e-03;-2.227453612931402233e-02;1.682198686880616995e-02
-2.677873048531826949e-01;3.995745732745684675e-01;-1.161087786267885891e-01;5.969315340963905758e-04;1.350381229076685896e-03;3.079725385609709265e-03
1.200727559285135193e-01;3.346109197632152199e-02;3.938925830509576453e-01;-1.645931468468946404e-02;-1.511548484427562358e-02;-9.059133856349765868e-03
1.939484444671000229e-01;4.272444334759617490e-02;-2.482009410930472448e-01;4.674820791092569594e-03;-1.449411120298927519e-02;-1.918341364333693913e-02
8.339179476612046393e-02;-9.914858323636011050e-02;-3.799419635586731570e-02;2.350584432092161363e-02;-2.390090925951885575e-02;1.513487026680108288e-02
5.888678884465980978e-03;1.114542354346478303e-01;-4.818898161791594914e-01;1.440175747875110240e-02;-1.013929430774520093e-02;-1.821866919963432974e-02
9.127543574492924527e-02;-1.009972961298697403e-01;-4.452383611779686667e-01;-1.771856766472883205e-02;9.871580861859623190e-03;7.140329554308683102e-03
-1.665008283088558194e-01;-1.018313064090566877e-01;3.739560293792287826e-02;1.413728371256933736e-02;2.187405861995523476e-02;9.596368163329600798e-03
2.375012481097483752e-01;-4.778205911019284269e-02;-2.753951770600180371e-01;-1.720742317242782843e-02;-1.282786916172946705e-02;1.710968654365573050e-02
-1.632227260520258127e-03;-8.107455049545209125e-02;4.148459010681000425e-01;-1.453469620828957282e-02;-2.137388415227593069e-02;1.016400270211252621e-02
-9.923693912467401734e-02;5.964033130821788653e-02;-3.447597540692874940e-01;-4.873682225492899367e-03;2.100200262729517986e-02;7.512753554683074264e-03
-1.266906837202470548e-01;-2.292553268564462288e-01;1.439995432390157593e-01;-2.047905111041696535e-02;2.239282836268303989e-02;-1.207213681798770602e-02
1.680851365706461653e-01;-2.950157045841790282e-01;-2.068522697389867382e-01;-8.139375479685712067e-03;-4.886979315822898712e-03;-2.243878517978433948e-02
3.174435617384409047e-01;-1.581826483021240293e-01;-2.405765665687075172e-01;-1.742288884697580642e-04;-1.883407544623538765e-02;-4.951483665582411681e-03
1.241489078491340159e-01;-9.058834780875957282e-02;5.204718085198023481e-02;-7.464510600395785761e-03;1.364200417132516857e-02;1.515852558163655744e-02
1.514203883518642213e-01;3.297418037072016306e-01;-2.935787282393967912e-01;-1.732935588054559939e-02;-6.672440631038691755e-03;-6.332341948408416049e-03
3.738900775625152439e-01;9.741310217030829666e-02;1.005168604336533766e-01;-1.742947780319574827e-02;1.492267525255952521e-02;1.036141641677116448e-02
-8.122947510792688508e-02;-1.168614717505025435e-01;1.891770528283753805e-02;-1.548091068514826502e-02;-6.663904570310047459e-03;-1.970974875717429117e-02
-4.172013320748735321e-01;1.031521094663881977e-01;-2.546508903186790462e-01;6.410329854652195569e-03;-1.893140377256901860e-02;2.429670843124589336e-02
2.190459051842454929e-01;-2.028782843768249800e-01;6.640464029689718828e-02;1.403410373439311493e-02;-5.488072520800246767e-03;3.928196613967722267e-03
-3.633752798763656422e-03;9.684284891688921260e-02;-1.657561091830391797e-01;2.056709081082044172e-02;2.704964019791304686e-03;-1.627507568010224184e-02
2.281887562036033490e-01;-4.508683793801537831e-03;1.884023964277360408e-01;-6.064832220942034668e-03;1.715724325148727109e-02;7.210650799480897155e-03
2.994158789689792544e-01;1.946964708544267619e-01;-2.278548627700373030e-01;7.536219216690016875e-03;1.834107428442446203e-02;1.969865287312523583e-02
-2.503319911408140586e-01;-1.057503635685952403e-02;-2.787905581803977739e-01;2.098962858897181899e-02;-2.025754033734219681e-02;2.206300098155044437e-03
-4.346436592010576305e-01;-1.847096621693896656e-01;3.949129237533721692e-02;1.202547606091593224e-02;1.284634225635069432e-02;5.335810098500193971e-03
3.859777482361871348e-01;1.158631881823045662e-01;-2.670405252463662338e-01;-1.666063324081629160e-02;1.487102769708321948e-02;1.100556667574728587e-02
2.671882889311268938e-01;-9.806908639075784251e-02;-2.012437969609115473e-02;-2.069321142254818696e-02;-1.809508766281185677e-03;-1.630113002390982252e-02
2.682734138645181954e-01;-8.223321783266623886e-02;-7.864299772292981938e-02;-8.126147714351408119e-03;-2.409594538971572900e-02;-4.983506579462088082e-03
-1.453778423592234637e-01;-2.127610083459182677e-01;-2.036918795440099128e-01;2.493846057810521211e-03;5.979129641354340857e-03;8.174517256435503976e-03
1.077367948788591212e-01;1.268851101650858570e-02;-2.693301882822413118e-01;1.681456565512300105e-02;-1.422685463621349913e-02;-1.897590887807660415e-02
-1.273114829876860199e-01;-2.402462162396737932e-01;2.234201136885849426e-01;1.757685859489628577e-02;-1.716935925536750701e-02;2.373800406680976610e-02
3.246809659251491675e-01;-1.521907920978069484e-01;1.780161525590635563e-01;1.712691146993185198e-02;4.383029447995595573e-05;2.407107124610126381e-02
2.974260216069281038e-01;1.584518346584254944e-01;3.505817290942419007e-01;-2.013116354459978941e-02;-9.846711941244918123e-03;6.911220752030572401e-03
1.974714616692836433e-01;1.801407717603004111e-01;1.186113782151843044e-01;-7.499656576341062059e-03;2.141862759903959135e-02;-2.171869559110912312e-02
1.832953766065051893e-01;-5.409729362325166324e-02;-2.263733337183341243e-01;2.470591603048227086e-03;4.543313369755726250e-03;7.636406188861202815e-03
-3.363761788083308168e-01;2.948095487499293732e-01;1.936822257814886372e-01;-1.221668883340927894e-02;-6.771678624006776531e-03;1.718402648324888343e-02
-8.027268307387769308e-02;1.385259476640855469e-01;-1.024056020372057230e-01;-1.525286155149200955e-02;1.634339235866810042e-02;3.132771145137120544e-03
1.855652872289713651e-01;-6.969410510053730690e-02;-2.994752732996632805e-01;1.310937555970410895e-02;1.068036831317357993e-02;-1.462442523075604961e-02
-2.310065955649023284e-01;2.975591006371881564e-01;-1.896380410764262336e-01;3.440636821693644071e-03;1.838615764025462035e-02;-3.394188159903534230e-03
-1.075064435933151819e-01;-2.006116528287649192e-02;1.000205481193037205e-01;2.332953851116583571e-02;-2.389244994914097725e-03;-1.786071816660576850e-02
-3.575044570984867720e-01;-1.111846548643935506e-03;1.181557343181190989e-01;-5.528265996116339676e-03;2.258512031952685656e-02;-9.013957533007290607e-03
-1.735386917560081121e-01;1.771164338471142852e-02;-4.121335008551666457e-01;1.840490799335314093e-02;1.906253408409449429e-02;-7.490673783401947256e-03
-1.030767237984039353e-01;-3.672842459569396478e-01;6.754084826155815069e-02;-2.083711709746839669e-02;1.122789545794090904e-02;-9.424385049300699341e-03
-4.480287163485275892e-01;4.129633530107046369e-02;2.090605194509164155e-01;1.414618071287861850e-02;-2.867257586978345929e-03;-7.366628828689228414e-04
-4.768171548169986007e-02;1.435776951965249681e-01;2.640266093611320919e-02;1.389547033742684345e-02;-5.881833446918605796e-03;-2.843632733854274675e-03
-3.178820843113007166e-01;2.896985071424791336e-01;1.587077755008761137e-01;-6.190476561518894194e-03;-6.632974236136002927e-03;1.297328845072970305e-03
2.427065211999810401e-01;-7.450666555192464457e-02;-1.540650074530370839e-01;1.543997222505753830e-02;-6.911584403871708776e-03;1.212736026886835489e-03
3.670314961224485639e-01;7.867540857239341268e-02;-6.138458081040953918e-02;8.536366272130044286e-03;-1.152802768481724950e-02;-1.112385975488037332e-02
4.007018640112585128e-01;-7.827907312654458494e-02;-2.231722027649484241e-01;2.167065635117274014e-02;1.117672866655443353e-02;3.859333811165443356e-03
1.229665835634827786e-01;1.315602200925205523e-01;2.331130224152809793e-01;7.386002721030598961e-03;-2.353502784482908172e-02;5.905148278084842300e-03
-2.527689255968229576e-01;3.707499012725113952e-01;-5.469474499733451012e-02;4.754436612100960968e-04;2.287483988971782817e-03;-7.028808658459145819e-03
-3.302420949124592608e-01;1.977394855601766199e-02;-1.629968235687137001e-01;-2.092630511435290830e-02;-1.533303831939739070e-02;2.253723566063358524e-02
1.171449866040300547e-01;2.067772168854458137e-01;-3.329580920990501403e-01;-4.565021886453302091e-03;-1.665842208456790735e-03;-2.236451050732805174e-02
1.638045276218050850e-01;-2.536912425018611472e-02;3.441704489691971292e-01;-2.312168852280097053e-02;1.085907235233788543e-02;1.904733206055563705e-03
1.391199378155003608e-01;3.679182945200221155e-01;-4.526014436614089753e-02;4.352992108133321714e-04;-1.284377347886656723e-02;1.223753658149610846e-02
-2.843248476022828264e-01;1.588854702326571999e-01;-1.061355943458415219e-01;-1.658817104457540464e-02;-1.550326281694899833e-02;-1.964391432586226616e-03
6.701626098666779718e-02;2.384492092513265105e-01;3.785155613013478915e-01;-1.068600689440295584e-02;-1.262685093834268329e-02;7.261882227666584255e-03
-1.114418987296542651e-01;-5.130637737746934768e-02;-2.624558691256725362e-01;7.548587260927226705e-03;1.622585348999646543e-02;-4.114571651351206505e-03
1.034485933813779068e-01;1.682127985550162519e-01;1.194903460096145009e-01;-2.134574544869248872e-02;-1.131668075392711775e-02;2.400027315984084447e-02
1.908178513621805461e-02;-2.081812237026903212e-02;-4.743579341935643123e-01;4.812928761635103247e-03;1.048685424005101063e-02;-2.463210851872927459e-02
8.017236922733228521e-02;3.360254672687845723e-02;1.079050927934446236e-01;9.102866091260444770e-04;-2.312356712340984596e-02;3.461510604572400063e-03
-1.412824081367436424e-02;-2.432234322794920578e-01;-2.151270980380771691e-01;2.103854248180377084e-02;2.342095652502039493e-02;2.027633769446209044e-03
-1.886923008439963523e-01;1.103337833109183652e-01;2.161506742231935618e-01;-2.089759737389201844e-03;2.225085471242470303e-02;8.680491599834756766e-03
-3.188506504653196849e-01;1.811178539649828112e-01;-3.185616523043730552e-01;-2.175503602307952977e-02;-1.713721116625120666e-03;-1.298774907678480577e-02
-2.719202280510675251e-01;-2.879551600917733545e-01;1.109809888509917242e-01;-1.509783927565920558e-03;-2.226721399681913516e-03;4.107240140737100642e-03
-1.465786206972818917e-01;-2.631294410255179406e-01;2.805255152438618227e-01;-7.161475482537437570e-03;-1.678647752720359779e-02;1.859717294978129043e-04
1.675498992914704610e-01;-4.044646861653318215e-01;1.238593246765730127e-01;1.651014421728810161e-02;8.200611403380117514e-03;-8.081606703739207392e-03
1.070940360887807641e-01;4.669741271407001904e-02;-2.680529038840245848e-01;2.177615113794286600e-02;2.061037856245911265e-02;-1.453258003079506248e-02
-2.662879180895669773e-01;4.001191460451059001e-02;3.800790875614582509e-01;-2.302912074398185197e-02;1.206543541753811455e-02;1.638051306745766378e-02
-3.479438771628184934e-02;-4.398576573992147853e-01;6.229681587790980579e-02;2.339322829756776412e-02;1.949181970441554029e-02;5.026738410320742007e-03
5.380224071237627026e-02;-1.944756893419764543e-01;-1.030184829257165813e-01;1.502616960619040931e-03;-2.360794743687068611e-02;-1.266717765776110942e-02
4.227571905133943320e-01;-1.293808118106409832e-02;1.062529377509774386e-01;-2.019262413353678509e-03;6.425195004178388403e-03;2.862591665920531658e-03
-1.013369722276868945e-01;-3.536260078377508886e-01;-1.324655777084685626e-01;1.213179948408452807e-02;-1.101165345564795832e-02;3.247630382623663270e-03
-6.048831136708987533e-02;-3.943353157382560870e-01;1.408263146902062335e-01;-2.059288783046039559e-02;-4.316723820839651199e-03;1.250804164773005461e-02
-1.967248524324044512e-01;-3.989541889893533089e-01;1.921613416941319041e-01;9.670042671452203087e-03;2.453213685860895082e-02;-1.110544370061219976e-02
3.139702695060188065e-01;1.152194382310108844e-01;-1.937463792133883311e-01;-9.053504130104167436e-05;-8.523479311300163203e-03;-2.969844297041262376e-03
3.275378955668742931e-01;2.336143805614020463e-01;2.693048936413398042e-01;1.784750649346941026e-02;9.210453759424329367e-03;1.912205956737908497e-02
-3.902638013224964952e-01;4.795948897369295416e-02;-4.562266544003912294e-02;-1.482444458340567706e-02;1.866805589207189836e-02;-2.201188629108077888e-02
-3.499513353060157428e-01;-1.753240731099400262e-01;2.373570773877996531e-01;1.942996402185762084e-02;-8.546311026963605839e-03;-9.270618329296678034e-03
-4.055323159401336142e-02;2.850165438370568793e-01;3.920846889402344049e-01;6.044288349331961019e-04;2.203450938616158955e-02;-2.261093176592973361e-02
1.881347060865421472e-01;-6.239687594460807674e-02;-2.453293779539488240e-01;-7.388451246462736377e-03;1.782859943416678639e-02;-5.197276128226662600e-03
-3.852253537526584282e-02;1.372014768082804315e-01;1.593539222057827054e-01;-1.504215512014665107e-02;-3.760290933429409621e-03;-5.722374925416533892e-03
1.613706110704143937e-01;-3.148044321325320638e-01;-3.258906646659156525e-01;2.077081007333517193e-02;1.309671878715485543e-02;2.557777872003175190e-04
1.246635688542637732e-01;-1.180603603471040985e-01;-2.943127378044448905e-01;2.441852833607855572e-02;-1.736123436203836079e-03;-2.208810845898624003e-02
1.439042535411306778e-01;3.030213324915831397e-02;-4.580487765683637358e-01;-1.188628390925075551e-02;-3.196475989034368997e-03;-1.715486879269399745e-02
4.799703293588506448e-01;1.018815896363221007e-01;8.242265820724647973e-02;2.237825631620215389e-02;1.334244489088865643e-02;-1.158563997861136730e-02
-6.059501030554781398e-02;1.129395824945255145e-01;4.430758377447076013e-01;4.540226675895792097e-03;1.107245785547859851e-02;2.206394644533989785e-02
3.869249002092695067e-01;1.458108126552060124e-01;-2.140932107608398693e-01;1.908176745877053493e-02;7.596113069106846805e-04;1.373263098965087775e-02
2.764474464997246361e-01;1.561618376810715025e-01;-3.225712305302931293e-01;3.107237691379251265e-03;2.635194502277005135e-03;-1.926290208309040797e-02
5.852692951828997181e-03;3.407030280112000042e-01;2.328015447662505899e-01;-1.869311709919239950e-02;1.476680751122873281e-03;-1.155692275104967109e-02
-2.024515486811794274e-01;6.502199285901610892e-02;1.888853020500906865e-01;-2.394815487697657050e-02;1.114196019501061119e-02;-2.337567016549175342e-02
1.159854502601790349e-01;-3.119752653845838664e-01;-1.446154313142605785e-01;4.763842055202728576e-03;1.959689706365719958e-03;2.344073452889022108e-02
-1.730683836619208993e-01;-3.511119496675553231e-01;-1.943957845097851189e-01;-7.893430326179166900e-04;-2.181992818111013269e-02;2.584398390323084521e-03
-5.138936904545743367e-02;2.220709382027370449e-01;3.861957804650745230e-01;1.705480853080507120e-02;2.484246421407199784e-02;-3.482841315546374161e-03
8.820226694839050641e-02;-1.902711011387625550e-02;1.423255259052274013e-01;-8.985062875162874718e-03;2.033266484759994885e-02;-1.543789354619393150e-02
6.066009441617092879e-02;1.034876665964548081e-01;1.764679372263622259e-01;5.771445751646332029e-03;-4.714278790952614734e-03;-2.294588175222223719e-02
2.886149646724064377e-01;1.726905644160936504e-02;-5.980100204450944368e-02;-7.635576284715114154e-03;-1.173857387486627185e-02;9.304557697174344055e-03
1.425651995351915335e-01;-7.875194670592799984e-02;1.361773647082327177e-01;2.243952488459590583e-02;-1.159764063106811377e-02;1.557329695758408877e-02
3.398022856356172072e-01;-1.161670480669559913e-01;7.187227122718653494e-02;-2.223200915307952524e-02;1.906050501990656787e-03;-2.147249681450527289e-02
-3.138985821537226828e-01;3.026433097957104135e-01;-4.181311326210734869e-02;2.170164955653196975e-02;1.331756402786950927e-02;7.897495560229617073e-03
2.279393069737651878e-01;-3.538847644700249262e-03;-6.314929738482044641e-02;1.619481908123321379e-02;7.375989778508160177e-03;2.344721985871455611e-02
1.102251494776412821e-01;-3.646459177223144721e-01;2.513750860290456801e-01;1.069789739323857847e-02;2.123293047911233716e-02;8.565946005319007017e-04
-2.280502738713690025e-01;2.593982624179637098e-01;-5.026015754946000502e-02;-1.914677935090686872e-02;1.408886071150854125e-03;-1.865635859684533493e-02
-2.434699375557521916e-01;1.541746014740744686e-01;-3.019023672402598724e-01;4.624673958820251646e-03;-8.753469736168528748e-04;6.128769891639084672e-03
1.085272726964665591e-01;-1.504936279131812160e-01;-3.859042151120666286e-01;-2.449765094725842030e-02;-1.525797541723179600e-02;-4.334784043934572506e-04
3.506160578411378070e-01;6.122278828252492033e-02;2.339091137436644097e-02;2.252517807945674660e-02;-5.819547982242080642e-03;-3.781398697318267416e-03
-4.323316380999984165e-01;2.078350972297686727e-01;4.353821734264606835e-02;1.073480445033110631e-02;5.189637864305901571e-03;-1.005369249508333840e-02
1.509734671509541659e-01;4.543186940690546738e-02;-4.377268941181143846e-01;-4.459180221628611385e-03;-1.411501005713837811e-02;2.330107295651042548e-02
2.567515056886350289e-01;1.938585950393734159e-02;-2.951187258492874443e-01;-1.846828092213201322e-02;-6.408160771679029255e-03;-2.370805138899944112e-02
-3.606862318766723696e-02;4.092202058615601601e-01;3.870179795271422307e-02;-1.391102540332268128e-02;1.402355691900774443e-02;-1.494123838555602712e-02
3.221031606002254799e-01;-1.195799924924376700e-01;2.756118509253274729e-01;-2.099682987355172212e-02;-1.277341007773834941e-03;-2.450153826327407594e-02
-2.128620419154244603e-01;2.928544190338393527e-01;7.759336588115750555e-02;-2.076169227868334202e-02;1.538129347814875397e-02;1.357366724298032096e-02
2.102427986233115220e-01;-1.856498868162516080e-01;-2.883210106718536725e-02;2.075694102024479987e-02;1.772577179553747745e-02;9.158778161990906164e-03
-5.787552749700108912e-03;3.282492524372183640e-01;-1.647919526291272696e-01;-2.238335713496686016e-02;1.414243089933287650e-02;1.727554054202802558e-02
1.511475848816741241e-01;1.209285674784311704e-01;-1.476250533903455953e-01;1.495410728859772331e-02;4.239517654013036374e-04;-1.335490806752591755e-02
1.341421382957368458e-01;-3.737352584354972640e-01;1.761775620754340022e-01;1.726649878443633351e-02;1.135814048700692358e-02;2.403805871944258293e-02
1.941505735098310037e-01;1.265475314505293269e-02;-1.946893233032687132e-01;-1.721537011220335492e-02;-1.371677084739724752e-02;-1.441009250592486558e-02
-3.964172879807370542e-02;3.645636095226699736e-01;4.664822018778846946e-02;1.462698838106683830e-02;-1.565463517749409242e-02;-2.166700850883469809e-02
2.266709920703232628e-01;-1.952489046138666806e-01;3.293946648588469417e-01;2.492804032928143398e-02;-2.375913942774254481e-02;1.676220300794328127e-02
2.036859774607957529e-01;4.069847664491033079e-02;-4.034655298045591865e-01;-6.731657922467361443e-03;1.708077298789076326e-02;2.731024560557248487e-03
-1.987347392399996249e-01;9.835748429775881263e-02;-2.027621922913828145e-01;2.008156147431800626e-02;2.130964932073133727e-02;-2.454509093596120295e-02
1.744635175504127833e-02;-6.957258967900981084e-02;-1.830534122088807170e-01;-2.122939120036058946e-02;-1.248206352145722620e-02;8.465770818175080703e-03
3.925232899548460885e-01;-5.661998562081227426e-02;1.070895787187540193e-01;1.941360982557530090e-02;-2.002902435301861378e-03;5.348655813713271145e-03
-2.625665316251937220e-01;1.236377754579065513e-02;-3.957751971916523281e-01;-1.557500736022194437e-02;1.524834169408426782e-02;2.336640556767349136e-02
-2.456084191581530130e-01;-1.381469067948613016e-01;-2.750664499348642877e-02;-1.157005335427012740e-02;-2.587024199726846441e-04;-2.069419447468131071e-02
7.411938717808874699e-03;3.742225246851758058e-01;-6.453419659881332038e-03;2.956832823148420469e-03;1.391720923340292182e-04;-1.777817579224612310e-02
-2.252684744804804851e-01;-1.054239244023535971e-01;-7.817182146116863350e-02;-2.896689344096248925e-03;-8.294767395671837074e-03;1.091543765259467280e-03
1.079052140907037494e-01;-1.906272821372179127e-01;3.237903842212946914e-01;4.282716771439959436e-03;-2.457522106963952457e-02;1.305029914747776743e-02
-3.855123619340948826e-01;-1.161611169550205158e-01;-4.376349104445798055e-02;1.065071459308704338e-02;-6.685680689673890315e-03;-2.235320322155908909e-02
1.786699566725648003e-01;-1.380800091621350312e-01;9.366079120853842976e-02;1.274662698925251719e-02;2.275875802390662367e-02;-1.299242019889929045e-02
1.125734683448191831e-01;3.736985934663450415e-01;2.239730554660938067e-01;-8.823769313148106808e-03;-1.580935552590925081e-02;3.846806167241985375e-03
1.522916485919396656e-01;3.456043629899068215e-01;1.924928266692252921e-01;-1.725793026762725488e-02;-7.190302826931029706e-03;9.850650696713147969e-03
-1.936865012217873216e-01;2.889851599207933219e-01;-5.358048359841782737e-02;3.005799150467419745e-03;-5.676871783603237853e-03;-3.987519909622906644e-03
4.166352358412073187e-01;-6.901477948670375895e-02;-1.811331816788611659e-01;3.105544131161475790e-03;-2.470676360564193555e-02;-2.107450657731950797e-02
2.055858626438246128e-01;1.884050184921368665e-01;-1.254471129798786500e-01;1.906290338815058022e-02;-2.110605054543546188e-02;1.034017981052525598e-02
-1.593958334187083326e-01;-4.282881111523489936e-01;-9.037110510476797920e-02;2.100190820545263376e-02;-1.146581978491344536e-02;-6.475428147024286929e-03
-1.441030034060220011e-02;-4.724632801305345131e-01;5.455117910449946983e-03;3.446070292235814403e-03;1.908544848192923749e-02;2.209527936302101148e-02
-1.144880952630776827e-01;-1.596128957454943098e-01;4.140760734758519579e-02;1.197816240556340284e-02;-2.066901195726529930e-02;8.457707776742540151e-03
2.619018126048699990e-01;3.336499619375855596e-01;-5.955864968757595967e-02;-4.484813906366895420e-03;-1.464950025446921933e-03;-2.254258048274114870e-02
8.046760099369598684e-02;-3.608032986543044940e-01;-5.595625079779709132e-02;-1.544689303268209114e-02;1.452568037668238582e-02;-2.302058347607011807e-03
-1.048622567356813917e-01;-4.605404671091006819e-01;-2.445396251317333292e-02;-9.916887918442557348e-03;-5.799046301752090737e-03;1.771997566628401299e-02
4.094546109372420029e-01;2.221432354559058631e-01;3.338662876536258040e-02;1.244995087024784730e-02;-1.138423014094586128e-02;-1.912490798938133729e-02
-3.732439493460648627e-02;4.809873781626851086e-01;-1.659256402685338472e-02;-1.240008891779641534e-02;2.103782255273668744e-02;4.079441892487767340e-03
-2.142164444741297968e-01;-2.967769089139127292e-01;2.617981913776972203e-01;1.674010437239144278e-03;4.819679984623077840e-03;-6.698586712674238497e-03
1.925324315371079731e-01;-3.655648705918781438e-01;-2.006044116283187684e-01;1.535535101597564067e-02;1.164312465012490999e-03;-1.916260486156022569e-02
2.534279222569690848e-01;2.689227821076409786e-01;1.585405156700548934e-01;-1.854674375854685475e-02;1.842957325130917950e-03;2.182851090354195889e-02
2.257659933674516228e-02;-2.004343220461261010e-01;-4.231379247238364893e-01;-9.582393916190062866e-03;1.847705844296091554e-02;1.320477932894396911e-02
5.250096740788912086e-02;2.016989231075116962e-02;-3.571240386605882833e-01;-1.260937785465465755e-02;-2.318296258418788003e-02;-1.990763674288086385e-02
-2.157259070724832917e-01;-3.661716370003068599e-01;1.295576968917365734e-01;1.142469669237201196e-02;-1.501651309796766566e-02;-6.436453974730312055e-03
-1.397660811995721231e-01;-2.296067136154744670e-01;3.427119021605549154e-01;8.495830032124312980e-05;1.127340842250813824e-02;-1.933843883704373240e-02
-6.618258042347047176e-02;4.099431438543920114e-01;-1.226819460368071546e-01;-4.681679736126924396e-03;-7.463545428652296199e-04;2.041353198576983941e-03
-6.185959543071328781e-03;-1.123511945443529392e-01;1.327118787486009088e-01;1.591803206976083462e-02;-1.641609024783915322e-02;1.539157259133111522e-02
4.567998154842861647e-01;4.011457102012228049e-04;-6.727086398029535896e-02;9.643921384832609967e-03;2.793540709947965606e-03;9.976393520128593040e-03
-2.880059453013419368e-01;1.573534821701285669e-01;-2.771819583701828904e-02;-4.399113052417181341e-03;-1.808012070159377427e-02;8.288262013268363204e-03
1.077521222527225708e-01;-2.046985224281672178e-01;-3.633990963488273884e-01;1.233615334281113612e-03;6.968740027138778381e-03;-8.100060948575498604e-03
1.448326040223137934e-01;-1.048690923884967319e-01;2.132068832826177207e-01;2.034332886699179860e-02;4.368493428778846832e-03;-2.072987578545630941e-02
-7.135415552553370233e-03;-9.571025274513089709e-02;3.093767841209382752e-02;-2.509800464778565859e-03;1.281780273718171465e-02;1.470672808661362130e-02
4.634992408875883152e-01;1.903228012954871762e-02;1.775422674589531846e-01;-2.701473618120613096e-04;1.973737854156505656e-02;-1.161657814028512273e-02
-1.019947070454971794e-01;-1.970842711668073788e-01;-4.343051410456342243e-01;-4.470065138086669332e-03;1.992984552844850182e-02;1.981283582357894896e-02
-3.041669158657299699e-01;-3.591970511073239170e-01;1.224136415659966559e-01;9.285638441234048135e-03;1.794902735611100808e-02;-2.056133665218836878e-02
3.111237699334709061e-01;1.359547071637284832e-01;-1.118342938730044756e-01;1.824974881038881475e-02;-8.969004672488661151e-03;-1.608342437858918672e-02
4.174858431319902197e-01;-2.094954943285796123e-01;-3.001173184206340494e-02;-1.303150818289768378e-02;-4.101574599305646968e-03;-1.244039976977663955e-02
2.965972394561988690e-02;-2.581067058871108211e-01;6.035711547075495176e-04;-8.971620699175047314e-03;-1.825107569641789759e-02;-1.019116172205007491e-02
3.069654908839936081e-01;-4.033512959733875913e-02;4.657714203229490479e-02;3.614190727100057010e-03;-2.907314595446804095e-03;-7.664061938204441010e-03
-2.309989353203001361e-02;2.183311753720039716e-01;-2.526596841809166660e-01;1.232260644285569640e-02;1.967549856966589739e-02;1.283946114511985009e-02
6.508531245275628319e-02;2.716269109786076941e-01;-1.104335464058081584e-03;-8.399964894116040970e-03;1.222210839187768544e-02;-1.740099087629744246e-02
2.288614422699468687e-01;-4.046007226867893714e-01;-7.129797901356638157e-02;-1.848410059543545425e-02;-7.718648148192053943e-03;1.538511845220285473e-02
-3.814973764018484426e-01;-2.111150610908343328e-01;-1.021633744978430736e-01;-1.268258763788490673e-02;-2.183732955506602347e-02;-1.841452323968224836e-02
2.610079234953920357e-01;-1.282759335976567661e-01;-1.075418137705199673e-01;1.793724842647900775e-02;6.689164237364382537e-03;-1.233994183150116664e-02
7.712258603832078396e-02;-1.428788406994971893e-01;2.875490858587792520e-01;2.764791266409067499e-03;1.378981121267518206e-03;7.771798922033064383e-03
1.566310737078761006e-01;-2.596010871064931003e-01;-3.084070542651742297e-01;-1.334062227891918452e-02;1.822014935971988381e-02;-9.531571895999358876e-03
4.504591705752957198e-01;8.162229298919354559e-02;-6.338581023123390779e-02;9.706582698811846988e-03;-2.419376768138925549e-02;-6.367143505292639782e-03
-2.175039340271477384e-01;-1.469496083996976177e-01;3.940943025332507288e-01;-7.414509102059586160e-03;2.174221429150725859e-03;-2.136318691114017648e-02
2.803655030068816778e-01;-2.366426669890120404e-02;-2.460147853897809433e-03;1.450656868630541968e-02;-1.411095991162157441e-02;8.851890744100511521e-03
-1.684353009328062312e-01;3.550302016199351485e-01;-2.929241907891447783e-01;1.516060616220465951e-02;3.093847812075656983e-03;1.204416033609927161e-02
6.920437961834613461e-03;-9.058792818298166960e-02;3.108785810079184309e-01;8.093015610750278754e-03;-7.223510142399618833e-03;1.544292695167826662e-02
2.711228158518865783e-01;1.546506868659545120e-01;-3.484049251999006280e-01;-1.026493150572360159e-02;3.560645887575857732e-03;1.226988695707697391e-02
2.418963269587151022e-01;3.484253790905247339e-01;-7.737080298639087417e-02;-6.052204509374620872e-03;-9.861619619128748557e-03;-2.032699491358862243e-03
3.167794665056360426e-01;-3.183860322433973433e-01;-1.290589918422347937e-01;1.589817471745768457e-02;2.149608815728323852e-02;2.254170642994508117e-03
2.542482596820807572e-01;-1.068047989720777302e-01;9.063783399463776203e-02;8.073310266182590067e-03;2.016368111194571239e-02;-2.007265742935288033e-02
2.093208284726095769e-01;-3.326786959989396220e-01;2.806317174255571478e-01;-1.339607110669174816e-02;1.044500031257912520e-02;1.618722309561498179e-02
-2.346738624445330323e-01;1.015538792998240680e-01;-2.034400877940693020e-01;1.785145141652889900e-02;-4.244641157253370434e-03;-2.053300488540665825e-02
1.385446420676772483e-02;8.890555591055893103e-03;-1.307192297844589346e-01;-3.110926135019002892e-03;-1.346327048964731168e-02;-1.044017725016879207e-02
2.143266357349975504e-01;-3.828385618688090464e-02;4.209945210965758688e-01;1.361337784187529459e-02;-2.122364569870565862e-02;1.637906087403510902e-02
-2.259284106578089979e-01;3.070709038667029933e-01;-3.047593970435079624e-01;-3.616545708791545077e-03;4.803196555029753956e-03;-2.051738843821605124e-02
3.565372237479268458e-01;2.011698615902597354e-01;2.270567616153901236e-01;-8.132046082136020621e-03;-2.051495404925771093e-02;2.307718614405548235e-02
-1.194822901301054729e-01;-3.369646630684089983e-01;2.862056522610579856e-01;1.536308246631252344e-02;-2.018362282176989347e-03;-1.381987258381644525e-02
2.048710100433817072e-01;3.171281420155851460e-01;4.643031607784731118e-02;2.167275526249261286e-02;-7.770170213651412389e-03;-1.695077841563126519e-02
1.727029942088980086e-01;2.966813971913723202e-01;-2.495321012075010225e-01;3.158219422697745166e-03;2.218870601724080849e-02;-2.480848547498387333e-02
-1.932234004778587977e-01;-1.470414965476434244e-01;1.212924490496101182e-01;-1.309375783730006362e-02;2.192238202052038121e-02;-1.644570165714189652e-02
-3.010078610405632071e-01;-8.166613589771987147e-02;2.509397983633182561e-01;-1.933782741800900776e-02;3.509360789990222107e-03;1.809219116474149874e-02
-3.866964952725358007e-01;-9.639899763840875657e-02;2.378849848346061835e-01;-1.144509115303692093e-03;2.472821283422623612e-02;8.958584976899643115e-03
-1.023876214471294288e-01;-2.357237368413607204e-01;-2.946670612932001942e-01;-2.129625463947761380e-02;2.464160658409877275e-02;-4.605288160990476942e-03
-2.027092096926663700e-01;-4.079330139175245673e-01;9.904458715038155781e-02;-1.062987330772587405e-02;2.893959178894279366e-03;-9.784620408956785920e-03
-1.870926057863517844e-01;-2.289037462359342356e-01;9.766828270270311307e-02;-2.067712464399238531e-02;-2.492858284604116542e-02;-2.520832353986885571e-03
2.011395944174736439e-01;1.801118854469726527e-01;-9.184830913330188640e-02;1.684317111132961620e-02;3.615759281503826833e-03;2.496036494717204096e-02
-4.974575385710966469e-02;4.575810150838173218e-01;-1.009646823575652830e-01;-1.065766771764000212e-02;-1.097724676199723394e-02;-1.701252698830279034e-02
4.145486638485589292e-01;-6.597902729124116572e-02;-2.412883578445590427e-01;-1.679682058673324235e-02;-1.074067019949761018e-02;1.464200226367635971e-02
8.945398948469718281e-02;1.132916848873790627e-01;1.376882468959355066e-01;2.028783953182239363e-02;2.375435848538406253e-02;-1.338551729517736821e-02
2.144902416688010405e-02;-4.315412806664219447e-01;-1.288870615698721744e-01;1.906487728070458548e-02;-8.587245536133148588e-03;-1.935797277415578221e-02
-2.311464856178064853e-01;-1.315510800834210903e-01;3.953460891531692667e-01;1.850124627600828464e-02;6.805281732180930299e-03;-1.676345519594691497e-02
1.302472194561579144e-01;-2.516163912567924710e-01;2.054608302834862732e-01;-3.508437124349873815e-03;-1.063711525614661861e-02;1.183972843550985116e-02
-1.989539221656869694e-01;2.631242630130481430e-03;-4.438239226525609871e-01;-2.329188468786595745e-03;2.446399725531924613e-02;-2.226275088702024674e-02
2.644407280755043388e-01;-9.032894662400736685e-02;1.551737145243380356e-01;-7.249236693187666170e-03;-9.049916445011303712e-04;1.566777374159902814e-04
-3.895681365888973291e-01;-2.108125537040501651e-01;-1.901931246775310225e-01;-9.203208880718162510e-03;1.146201245487839943e-02;1.873735367444873817e-02
-1.431140248288897965e-01;-1.462108412635639842e-01;3.285555979060813536e-01;2.193596509889315233e-02;1.525466883997630974e-02;1.752900986532997252e-02
-3.974320374164101999e-01;-1.072692567285837839e-01;5.337118974977184127e-02;2.527265030999776424e-03;1.629441132134073350e-02;-9.824804542602389584e-03
-3.396345938802568520e-01;1.736454174749076929e-01;-3.207467442607192520e-01;-5.076061894539279223e-03;-9.154349309072783852e-03;-1.630633227603726920e-03
-3.946545155186668152e-01;-2.776386952518297146e-01;1.922457078020511911e-02;-1.072101918806818259e-02;2.308057211272234593e-02;-9.357768599716594776e-03
-1.089671308726013477e-01;-2.657966290736658577e-01;-2.804460767701980606e-01;-2.009777309445301072e-02;1.340858302520668566e-03;-2.214504607774118311e-02
-8.422489647667807944e-02;-7.105566656985573548e-02;4.090500383808082230e-02;-1.947284168457097397e-02;-1.403053054018768564e-02;-1.782487505892917101e-03
1.127520766269762831e-04;-8.804190496589803239e-02;3.705269662693841948e-01;-3.337453384548605406e-03;1.498459310013956075e-02;1.197373269420566599e-02
1.056378893234114491e-01;-3.827960943197665777e-01;-1.627934244342479353e-01;-3.684085300464934321e-03;-8.314789621218506704e-03;-9.176560796925071345e-03
3.433261677878831630e-01;-1.490534002045984519e-02;-1.663716041631343456e-01;1.369975436470045188e-02;-2.239637968893651299e-02;-2.435891752446971148e-02
-1.274667262404491908e-01;-4.312863222760390247e-01;-1.304258005732268355e-01;1.477721959633240129e-02;-1.142681200547536469e-03;-1.845594307232120354e-02
3.044946424318223377e-01;2.728095732903373927e-01;4.841916299356263664e-02;-1.322170327027493743e-02;2.162519765486912993e-02;1.797514878124489845e-02
2.819599771579591740e-01;2.517469923958404188e-01;3.030020719578371269e-01;1.048925251119862956e-02;-8.887384831336719859e-04;1.016181309569284819e-03
1.204737850519705944e-01;2.422531871990871721e-01;-3.301189939492646941e-01;2.376222676419793151e-02;2.328852219421435887e-02;-1.423654771070828606e-02
4.082284887003229112e-01;2.587153211639207084e-01;9.715530599030186565e-02;1.555522831526590793e-02;-1.513786669164916138e-02;-1.432312610580243131e-02
1.323913243283874053e-01;-3.435232839963994200e-01;-2.607877988389728507e-02;8.804651708228840301e-03;-4.749945070622579174e-03;2.157722035532601279e-02
-1.861731917755844457e-01;-2.584993720071665502e-01;-2.850873629636041517e-01;-2.054951325519956129e-02;5.762820404746522851e-04;2.092607652215606323e-02
2.962414505413685228e-01;-2.280539605815512516e-01;1.923589224610581239e-01;2.020568302397526134e-02;-1.717353932921293971e-02;-6.668114995177176069e-03
-1.754881998246579089e-01;-2.304881377077273585e-01;-3.090734149283564935e-01;5.956070002334813707e-03;-1.703025576142989245e-02;2.340110860228693940e-02
-2.353649730746426583e-01;1.619689447938685856e-01;3.149397285405391989e-01;2.073746643638301607e-02;-1.665249104827654092e-02;-1.894222693695073179e-02
-4.116150530154812914e-01;1.989488284873855983e-01;-1.316527862056486864e-01;-2.072957585958673521e-02;2.047218320183155638e-02;-1.531880951022696058e-02
2.837382510752364251e-01;6.618069122507086455e-02;-1.872220107896459540e-01;-4.185753572782262982e-03;-2.557431717399850229e-03;4.950552210678377946e-03
2.643533864364273622e-01;1.237430848640090897e-01;2.623026245009599799e-01;-2.141323281262875328e-02;-1.366206912997420392e-02;2.157451934594630666e-02
6.339535071264013055e-02;1.246140481145315837e-01;3.644332468683640913e-01;2.042050536342848027e-02;1.406453237028461312e-02;-2.402993771908923035e-02
2.567301670685679937e-01;-5.770619454886471988e-02;2.073970000329277141e-01;-8.649661575194894647e-03;6.397936767145388781e-03;-1.124048941132621549e-02
-4.523565744733892835e-02;1.747863021674105344e-01;1.775316138836846580e-01;2.047933475268886444e-02;6.694473091622091254e-03;-2.140466413417772135e-02
3.594462155606104048e-04;1.908839765508227870e-01;1.971358058918092349e-01;2.045027944178515189e-02;2.288833290881112786e-02;-2.111437908041372685e-02
1.359403268267108666e-01;9.930211613943773497e-02;-3.206439897107590253e-01;1.618011743065743413e-03;-9.831785889291478134e-03;-5.358046175929880028e-03
-3.463089571557954605e-01;7.260723288202242109e-02;-2.229874756740212183e-01;-1.601743910223290407e-02;3.903605100620627377e-03;2.289896766244452903e-02
-3.033464150470412957e-01;2.374260857706772532e-01;-2.134804510728770532e-01;1.536300135804510858e-04;-2.085427093027594422e-02;6.000066673870419615e-03
-4.172631643818101033e-01;-1.546200491998916959e-02;-1.975804887214636096e-01;-7.988850277437148373e-03;1.779625947956488957e-02;-3.266092584176490121e-03
8.069908455428498328e-02;5.508760389863920359e-03;-3.559212139868004332e-01;-1.535801955288772051e-02;-1.544471886544275356e-02;1.343820903605801725e-02
-4.177276757229381188e-01;-4.041594278637694604e-02;-1.935365319571796805e-01;-1.172062008463200557e-02;1.336166970796114767e-02;-1.470563446167003074e-02
-4.156857586856199660e-02;2.250060762991187291e-01;7.428757509021099992e-02;-8.915681564934531400e-03;-1.725651378015030657e-03;2.215979248467253582e-02
-1.861245032775294961e-01;3.802270536390295330e-02;3.401080784391998790e-01;2.158657123769123359e-02;-1.465640622888561041e-02;-7.089047937846360697e-03
-3.048334827813495851e-01;-1.060746259341127651e-02;2.416414518360422425e-01;-1.753003057731138473e-02;4.992539656748576360e-04;-1.970872465266670925e-03
-1.385962209328136518e-01;3.597946748116456206e-01;-9.319519904827644474e-02;2.003800812253662272e-02;2.150026888955363508e-02;-5.821630449635396137e-03
-1.037553794975520916e-02;1.447452485768185859e-01;-2.701732742023815748e-01;-4.131028490505297968e-04;1.981181245730665591e-02;1.533539038725307418e-02
-3.587764566268505373e-01;7.087741683947623716e-02;-3.147296446166762962e-01;-2.481718443276753616e-02;-8.997021790820874942e-03;-3.911287903193706728e-03
-1.254517566204187418e-01;2.977322633482140102e-01;-1.326092713029295433e-01;-1.351418581583841566e-02;-1.502141920520306401e-02;-2.311077467021601869e-02
2.959263871435023896e-01;-3.248768598696467613e-01;1.727646144124667105e-01;7.168486253488023929e-03;-1.187448547584171732e-02;-2.238264107843434755e-02
2.502657639388422561e-01;-3.479514325755082016e-01;-4.167640541242456642e-02;-1.345103447359681861e-02;1.509569764180632850e-02;1.757445908232733306e-02
-3.193094576570987275e-02;-3.370058706018119743e-02;2.605756424552823081e-01;-8.466877403348685438e-04;-4.196466479565692104e-03;2.389268467508908617e-02
9.854009550457676347e-03;1.275644625729377424e-03;-4.497569901770178680e-01;-1.497176702059650581e-02;-1.423203585726957703e-02;-1.040664114818001286e-02
2.245982868476289473e-01;-3.884070000427525260e-01;1.083195000077716852e-01;-1.636213408594563296e-02;-6.031720089790672257e-03;2.054171134948769295e-02
3.014457762229536542e-01;-1.079064230954273063e-01;2.507696492110557118e-01;5.767392031428713456e-03;-4.402672569386818779e-03;2.172053972856074350e-02
1.773931298888727914e-01;6.578155484099634798e-02;4.291447172116873432e-01;-2.257678837620888390e-02;-1.448619110490693279e-02;3.294430255087948262e-03
3.268585609727531205e-01;2.473563766143216380e-02;2.752440518349492660e-01;5.777631159658958016e-03;-2.302212467186934286e-02;-4.848062104643391379e-03
-5.328547274147965584e-02;1.517960350166380756e-03;-2.533413841945935108e-01;7.457698241543637974e-03;9.903527320170080195e-03;6.906995125813462921e-03
2.538680827099130122e-01;7.789111269408832694e-02;4.043597749938572239e-01;-8.971838781953771907e-03;-2.032399382010452449e-02;-3.644377679033295597e-03
-3.153675426526307835e-01;-1.578923791364059692e-01;-7.004238022017827969e-02;-1.856227813159722767e-02;2.238118292603335363e-02;-1.241456698868586422e-03
3.145491418930534966e-02;-2.120546573240075228e-01;-7.180415467175405020e-03;-9.137041282156622979e-03;1.331520355594500299e-02;-1.025703708868071218e-04
7.685738113270024208e-02;-3.601830183311260924e-02;-3.812909044908885381e-01;-9.498298799377496993e-03;1.559838711954008444e-02;1.835760755005610284e-02
-3.274761230536379353e-01;6.797429731608051195e-02;-2.036423864867116240e-01;8.650408314433852275e-03;-2.265177887961663736e-02;3.316144008326603332e-03
1.920112559466546909e-01;-4.207100556597209717e-02;-2.734783739638942945e-01;1.316474559986408055e-02;-1.817484939582089329e-02;-1.356646243076983262e-02
-1.407912530173096588e-01;3.235522266118190382e-01;3.206961607667793146e-01;1.912475525340682353e-02;-2.399391390734630092e-02;1.263635689129880002e-02
3.057145256682178847e-01;-1.718205172023880012e-01;-2.909406262931539811e-01;-1.311335374278854715e-03;-2.661392058019657059e-03;-2.464517337525564192e-02
3.409087104029071558e-01;-2.787613035539360240e-01;-1.190087263316000898e-01;1.596991154832463899e-02;-7.008754968171677230e-03;2.038281565027146025e-03
-4.087597671331910654e-02;-1.967141091507170758e-01;4.325548784193120611e-01;8.865034316782968715e-03;1.013147882189578686e-02;2.279900294130361715e-02
3.157215268673119191e-02;-4.673409392155041253e-01;-2.440380817799170377e-02;1.566997661830455552e-03;-5.014022451278622033e-03;2.268518132458539893e-02
1.127958355365104026e-01;4.384821582141545937e-01;1.617777324716385134e-01;7.105511751276057109e-03;-1.009248218617221984e-02;-1.867678772982144311e-02
-9.679224386674778469e-02;3.336440104751723368e-01;3.146710047099892105e-01;1.712772507325906884e-02;-6.890919860292422927e-03;8.023486068221556688e-03
-3.941256817868706852e-01;-1.451023165134459614e-01;-8.682748279228047483e-02;-1.459179031705094831e-03;-1.505351101024808395e-02;5.084330431023253299e-03
-1.047406845688422239e-01;-3.182211327826380831e-01;-3.431872946831943105e-01;-2.196584655246588622e-02;-4.332877006440388756e-03;2.330746983183550058e-03
1.298206544347076941e-01;-9.678936681617722471e-02;2.523978823037879016e-01;-3.197651294071048034e-03;1.243360876254954311e-02;1.639624772726562540e-02
-6.869829365898538764e-02;-1.209595146169649693e-01;4.150607325172224193e-01;1.356215370165890499e-02;-2.305935260940989578e-02;-1.529356147770138952e-02
1.409544255125971812e-02;-1.915317185105159803e-01;7.304220061901567362e-02;1.830375463188715218e-03;2.174110202219006055e-02;1.674783875260584670e-02
-8.280658143542352079e-02;-3.397743990234937117e-01;-3.290635975791517120e-01;1.712672541759008293e-02;-9.839590312016255336e-03;-3.527605146064871633e-03
7.394986606901043924e-02;-1.071048911068209764e-01;-4.713475724223454844e-01;-1.464702634203129267e-03;-1.713142083250447992e-02;-2.344659348777718491e-02
-2.247608189629917153e-01;2.094388646339747639e-01;-2.285079974572886696e-01;2.234514497302584474e-02;-1.296437071682466496e-02;-1.300255481381843575e-02
-1.655988210112513404e-01;-1.054276846810762169e-01;2.994058693023293749e-02;-2.083104731156202455e-02;2.142538759718892738e-02;3.986855746988600402e-03
1.415044812562517018e-01;-2.401718620597005360e-01;3.860861088135163488e-01;8.351842856267693849e-03;2.057884436315262494e-02;-7.718991554960526885e-03
-8.869602793376873962e-02;-2.594684148198512785e-01;1.723838432917036423e-01;6.075365556904206016e-03;-2.306002726355562901e-02;-1.566137358844353622e-02
-1.030078377925258692e-01;-3.436830292911391416e-01;2.379509473975921496e-01;1.656229025449712511e-02;1.333841781691678940e-02;-7.467865427142655194e-03
1.594229620819975768e-01;7.780705025108469730e-02;3.661015453778346807e-01;-6.159468611289374562e-03;1.677721677678972040e-03;-2.498794976574327323e-02
-8.880952413050891003e-02;-7.251354590973202452e-02;-1.697153324979155942e-01;-1.293778319809860827e-02;-1.458840956958927862e-02;-1.247585266251182746e-02
1.738388982700046492e-01;3.468872244289528117e-01;-1.756706226484819888e-01;1.529529212667207067e-02;-1.101630717267784200e-02;-1.542393389749259318e-02
1.825324595377215697e-01;7.535917312909856669e-02;-7.093763069733405313e-02;2.131730396515776893e-04;1.828225181863659538e-02;-1.293251480812500701e-02
1.923543061544141786e-01;-2.666671773506733567e-01;1.253301699544538961e-01;-2.107318786036006808e-02;-7.179763207516766388e-03;1.238259122824889036e-02
-2.147163008047747734e-02;4.288595498455656241e-01;-1.680284952641545315e-01;2.534527234739729351e-03;1.583966847871737249e-02;2.297960738046169599e-02
6.391956675562371348e-02;2.785352077603331367e-04;-4.306059140958166109e-01;1.463312383758085672e-02;5.190153942187671066e-03;-3.329205973809749863e-04
-3.965658851395166273e-01;-9.797278311175927623e-02;2.289392001051572256e-01;-2.299654568258666792e-02;2.421609894070206326e-02;-5.825943871247872552e-03
2.121370458806050019e-01;-1.434038240137943676e-01;-2.455186683817397464e-01;-1.738858930415666110e-02;8.335442769822835885e-03;-1.078558554522703397e-02
4.576316462725878997e-01;6.574495061328922141e-02;1.446132773989416975e-02;4.288913546552381578e-03;4.338395392229559694e-03;-2.713508954856540950e-03
1.071352808835769332e-01;-1.112736521234533038e-01;-2.597008765496332527e-01;1.680593077725213436e-02;-1.175164692222784892e-02;-2.568370419113293057e-03
8.271444934468152876e-02;3.124738210441716513e-01;-1.730589756633247323e-01;1.884606429548574269e-03;8.181236038364979313e-03;1.419859252527947563e-02
1.821916892550987654e-01;-1.847605653505491885e-01;-3.667900758633713121e-01;-5.259635856087196276e-03;7.302347204829799654e-03;-1.746945234657404367e-02
1.934221280563089840e-01;2.006114963944516383e-01;2.534721106595967388e-01;2.163240502712392849e-02;-5.847059678949821648e-03;1.147607109882192028e-02
8.556372879330187420e-02;4.137442090743825851e-02;-4.139678429670567983e-01;-2.398294590589111763e-02;-1.474064285475965019e-02;-6.458727838211004990e-04
4.434488763432109515e-02;-2.662592079632557507e-01;1.377741418455915579e-01;1.891262338661733183e-02;1.362757497533857026e-03;2.149352411469395568e-02
1.893104121026902842e-01;-2.476880729303129192e-01;-1.922290947068509004e-01;-8.101551708601835433e-04;-4.775451632025029536e-04;-1.901266057497340636e-02
8.313021909958351330e-02;2.302217177572492002e-01;-1.351775297922013230e-01;1.513281220761099333e-02;-1.265172937664687559e-02;1.998062446861575275e-02
2.017382738772571793e-01;5.646463734882201102e-02;-1.413784180464086049e-01;2.054121101651981002e-02;2.216550559370748796e-02;1.011524455154500651e-03
2.562537914224343183e-01;-4.581633726329392697e-02;-8.772027216833444552e-02;8.854689239182214622e-03;1.392579400308317783e-02;-1.844926906747672291e-02
8.454311325945818023e-02;4.693218122841789075e-01;-1.221607862728133487e-01;5.047859749874861884e-03;-2.328510493483441912e-02;-1.216958305637061422e-04
-3.485676856300367055e-01;-2.258381051964630792e-02;1.018067339454472586e-01;-1.725786591898863243e-02;-1.585385370189576482e-02;-6.747621665369924610e-03
5.236613781723431504e-02;9.522973271940160522e-02;3.719130612805054970e-01;-3.378141664174848235e-03;6.158621226609362759e-03;-2.127857907807421955e-02
4.027889318742106095e-02;-4.207197153688082558e-01;6.585056031324665327e-02;1.845880618722324507e-04;-1.586874348734494677e-02;3.698758751587094551e-03
2.551336174451959149e-01;8.662391828366267088e-02;3.284386709389908177e-01;6.870230613059177815e-03;2.835462827642694361e-03;1.191477552391538575e-02
3.286529061182892342e-01;2.834695600492677103e-01;-2.229307502866003654e-01;-8.219537787954932923e-03;1.325532958165654557e-02;-3.361645914590316586e-03
8.064522590963407733e-02;4.359372482485595057e-01;1.722506872941946821e-01;-7.907750838701613216e-04;7.405106363053567953e-03;-2.408208080003880480e-02
-6.014436028616509944e-02;1.439565794476135308e-01;-1.190481549765249891e-01;7.699711071012416141e-03;5.929257453605767808e-03;-9.507644162336004873e-03
-1.167846340527483040e-01;-2.836672223691729666e-01;-5.742265406718460863e-02;-2.071028575502552663e-02;-2.045322750434794279e-02;2.116118734926143025e-02
8.800046342962841717e-02;-1.468971110616105191e-01;2.997833644457833513e-01;9.463966061291857745e-03;-1.864486931146298182e-02;-7.163841534554682422e-03
2.844054732127972995e-01;9.856299321775996436e-02;-8.585893178433379180e-02;4.624149695079821099e-03;1.677858525453243543e-02;-2.281695356434957495e-02
-2.795123605852507520e-01;1.256507894272764769e-01;7.160764948294384702e-02;-1.316834342649955691e-02;1.948744951476900217e-02;-2.454172249080917648e-02
2.636922693503205295e-01;2.340137092200822444e-02;-2.732273746803542958e-01;-1.493004486030563051e-02;2.295120879864830099e-02;5.670092326108554931e-03
1.170744711470084187e-02;-1.670571503367479504e-02;-1.172158995969594386e-01;-1.191643166812467874e-02;-2.165044528020762180e-02;-2.359043297763889491e-02
9.935972504216561418e-02;2.286562842366026693e-01;-1.846362567338825089e-01;-1.276274601815363674e-02;1.907429097944552537e-02;-4.204317285124527237e-03
-3.209683625584162092e-01;2.975140452964858406e-01;1.775458051837758289e-01;1.101666845829964853e-02;2.091425176899788796e-02;-4.597976919859171618e-03
-3.191080986211016768e-01;2.991579711047820389e-01;-1.658072858268900829e-01;-1.543613144813014808e-02;8.558965428459748559e-04;2.040418435299272415e-02
-8.418143198158900553e-02;4.858841505468847188e-02;-9.726051525316925517e-02;1.521872070688503470e-02;-2.170850783184231220e-02;9.628640003879092302e-03
1.754560453364255590e-01;-1.039990336143847838e-01;-3.669902010926712199e-01;3.594876122947687075e-03;2.037315881732127548e-02;-1.887592915748513914e-02
-8.161046662166648868e-02;-1.421887506644069488e-01;9.378063194345220843e-02;1.701805660232830891e-03;1.897313467559461758e-02;-4.498810662912848535e-03
5.347177620984988611e-02;7.028693873139046921e-02;-2.898928070876481966e-01;-9.002541133566466236e-04;-2.147696611665208741e-02;-1.109281797755445886e-02
2.802126485356335461e-01;6.389292105540234079e-02;-2.388375674891397571e-01;-8.774667541552632483e-03;2.225612243724434808e-02;-1.086663197294204797e-02
2.350251861898233763e-01;1.101079220362346511e-01;-1.182232468918598123e-02;-1.956563236517400856e-03;8.565221178213990039e-03;-1.689083137960613323e-02
9.929928700638868122e-02;1.370785521530482054e-02;-2.118154740404705194e-01;-6.778806429062755878e-04;1.192695197379538274e-02;1.834276065135330425e-02
-4.085780081828618293e-01;1.256819122613526130e-01;5.053168059622559216e-02;6.312963733121332299e-03;8.452675765847392220e-03;-1.868582637077155495e-02
3.101610899597024851e-01;-7.032663664485205857e-02;2.498599312882687773e-01;2.228882486231736210e-02;-1.837129612577588500e-02;1.373364685908991939e-02
-2.312023849698018330e-01;-3.013554231025942221e-01;-2.531429724042670859e-01;-1.175918391108406007e-02;2.167965718506258133e-02;1.099797696847397421e-02
-7.350025275813887315e-02;1.154207798208354285e-01;-4.184250743886340773e-01;1.269068564891844692e-02;-1.404704134700583522e-02;-2.848001168241957870e-03
-2.860053213016864326e-01;-2.167155965074226698e-01;-9.968716382700593126e-02;5.890659729464321759e-03;1.349868091033004647e-02;-1.980203120438052411e-02
-4.148143781298463395e-02;6.459063893346350671e-02;1.630272037231473847e-01;2.311826582272642067e-02;1.951103352772780297e-02;-1.148257047522078383e-02
2.201574609309402408e-01;-2.127787907948491819e-01;3.797524022943435940e-01;1.613801215161660141e-02;9.161961519911707152e-04;-1.909675921899067069e-03
-2.609336159249703302e-01;2.580404210112164920e-01;2.600055449620984893e-01;-9.278294709429729670e-03;4.048429331579624091e-03;1.149445588517988837e-02
7.506057345881467224e-02;-2.931821068666037311e-01;4.455941669355367729e-03;-4.453354751862086125e-03;6.460959650414606348e-03;9.965646057765190080e-03
2.452147426908345418e-01;-2.677753090986568774e-01;-9.467463935304665235e-02;1.055609085076429643e-02;-2.240169509344099030e-02;1.798739028425334896e-02
4.092526944369924147e-01;-1.297678143154232799e-01;2.512789243737668654e-01;-2.087334261747602476e-03;-1.187919591518927891e-02;-1.291177462601592052e-02
4.562918815133613082e-01;-1.233235595705375331e-01;-1.607593388261636669e-01;-8.492943578024755857e-04;1.934157697344796034e-02;-6.082620915867652939e-03
-2.514601790725740083e-01;-1.830573782327186150e-01;3.088263234916840405e-01;1.248628733917716421e-02;-2.015906345063907257e-02;-1.197164892446912071e-03
-1.683831508921660447e-01;5.793174308312831755e-04;1.457250433510536292e-01;2.458430701963678494e-02;1.352189013961684755e-02;-1.447357557796935014e-02
2.050409063535927334e-01;2.419777295139858841e-01;1.777232412013204366e-01;7.207368489553500623e-05;-1.331876181757167370e-02;-4.521953636874537913e-03
-4.463652084791691621e-01;2.174649906119121567e-01;-2.452428476726631335e-02;1.400420118674824271e-02;1.356124076452018545e-02;-1.359498110488074375e-02
3.364421924698697275e-01;4.890963164007167130e-02;-3.108042076096451112e-01;2.111116590774300694e-02;4.628409138241341980e-03;-6.003785451899272541e-03
-3.910166179341811876e-02;3.287089838180063950e-01;3.295627156830498450e-01;9.677903904303092331e-05;5.253562671887184593e-03;2.994526592289270539e-03
1.710129805329098085e-01;1.970241660042995058e-01;-1.370171595961283684e-01;-6.797482231910914607e-04;2.466402044700062579e-04;-1.617940447860569120e-02
-1.559083821505579115e-01;2.054383730485842552e-02;-5.933511657570644804e-02;1.563664521523396717e-02;2.088015997050766959e-03;-1.844600691476484811e-02
-8.485434600725427767e-02;-7.780776611932194164e-02;2.850639210464311901e-01;1.330785507913889720e-02;2.162219891886753981e-02;2.236534496184810344e-02
-8.103022622047562074e-02;-4.197138341613138035e-02;-2.433527928139042062e-01;-6.549113379441362515e-03;-1.822415632196229887e-02;9.199813316532572116e-04
-2.957578936315711227e-01;-8.130485667231579505e-02;-2.803650714054309878e-01;-1.936953853253896643e-02;2.169937092563086617e-02;-1.582101863224270183e-02
-6.946417908696300714e-02;-3.808593280039518358e-01;1.239282073210656865e-02;-1.236170700244179632e-02;-4.668173655751478579e-03;-5.841776572043710924e-03
1.755867735674387919e-01;8.894070069880188889e-03;3.614456860213242084e-01;1.473314461989445184e-02;-2.184158972451881453e-03;-1.646158699983315404e-02
-3.926639975832613150e-02;4.888405413036630565e-01;-1.676792412456484804e-02;-1.163950522569629636e-02;4.556692593761027532e-04;-1.762730412869325733e-02
5.554956988561987608e-02;-2.086389271622555164e-01;-8.260521767085204914e-02;5.582783782300704267e-03;3.287365327557294215e-03;1.073511581911288509e-02
-7.043028344139945496e-03;-1.698440496843955927e-01;-3.931992959976363666e-01;2.188523076896838754e-02;2.061272805505778155e-02;2.230378090344156683e-02
-2.019337988299958475e-01;-1.795987138597850974e-01;-3.357131567275907225e-01;-1.276422014881495315e-02;-1.842173466803227050e-02;-9.886164975177575212e-03
4.455532465467548775e-02;-3.401202366335586147e-01;1.912466637859893126e-01;1.975425863831573037e-02;2.360267373117441031e-02;1.796624755352380087e-02
2.964405615234773084e-01;2.394692332387272637e-01;1.455343564105222587e-01;-1.949911394362282072e-02;2.237139990298966236e-02;-3.832098632460700927e-03
-1.226368232033492323e-01;-8.648346971004083894e-02;-4.601885605542461732e-01;-2.453448546188231882e-02;-2.880312962590319409e-03;-2.269654151622662111e-02
1.276688771588087024e-01;-3.079839152599632701e-01;-3.539789807030374602e-01;2.193896058055876813e-03;-8.072298628147435429e-03;-1.328253320297560769e-03
-1.440422265293594961e-01;-3.514932183563191925e-01;9.646707541354371251e-02;5.658518037155852581e-03;1.844005479089101673e-02;8.095078823596432716e-03
-3.033118026871769457e-01;-2.625166948306160153e-01;-2.001024070054637782e-01;-3.297556576090966696e-03;1.597139268351825681e-02;2.027910687865661088e-02
-1.374980154684868339e-01;3.239976518799783101e-01;-2.959123388442397307e-01;-1.901200167839013980e-02;1.596648877639571251e-03;-1.077440201287779321e-02
-1.838986884530294796e-01;-4.442591464125582590e-01;1.098127615481170327e-01;-2.264694010615263264e-02;8.427334755699268654e-03;1.813853887296128231e-02
2.415661084668295766e-01;4.667726489731172101e-02;3.844787275967591622e-01;-1.685486727613029825e-02;1.562068288119502352e-02;1.766978667684708515e-02
-3.496366577909004736e-02;-2.730214605284789764e-01;2.439051873021519379e-01;2.071702213332417969e-02;-1.173574554569738020e-02;2.019765325949446355e-02
4.615507321375662553e-01;-5.514756717245916651e-02;-1.095159955071678404e-02;-8.966862263178387860e-03;2.616900672775139547e-03;-2.247462645838589623e-02
2.621745871816446583e-01;3.118067183508863582e-01;-1.581509580827418215e-01;-2.280594558156281981e-02;1.101866063661014611e-02;-2.776001101110446567e-03
-1.049466621432040281e-01;-4.487365408240018283e-01;-9.812372876326047599e-02;-1.218538123153912328e-02;-1.547932519875449067e-02;8.497674542960902133e-03
-1.430175705313361245e-01;1.347441411040295467e-01;-3.135801951460254200e-01;-2.497992279873300844e-02;1.529455845984271228e-02;-2.103751969350356119e-02
-2.080888265021927364e-01;2.486087085818323716e-01;-1.739876433847931114e-02;-1.542551925459402853e-02;-5.688180235045518784e-03;-7.570630141948211933e-04
4.571348325397961432e-01;-7.289495463965678379e-02;-2.489965930827953144e-02;-7.250244209302907777e-03;-8.964391750785307561e-03;2.319580060365942359e-02
-2.478271225044700321e-01;-5.327353129735945547e-02;-3.765501341896448917e-01;7.078984062169710323e-03;-2.382835223163059027e-02;-3.491204577784338958e-03
2.281164373361663777e-01;1.002514100995830493e-01;2.312505893473750795e-01;1.875043498719851376e-02;-9.927190679466603440e-03;-2.027218276128059035e-02
-1.583588873093981775e-01;1.484645569002370769e-01;-4.315592907573738701e-01;1.291923857949588833e-02;5.300691596804064237e-03;3.515625391325195859e-03
3.157453806261208973e-01;9.731237833071182397e-02;-1.063644797225579142e-01;-2.232117201962960373e-02;-1.797504951022413366e-02;6.127469810655688381e-03
-3.345002253363443812e-01;2.066041289942177617e-01;3.534776806165673690e-02;-1.460880792705820941e-02;2.035039874212149491e-04;2.244084301469672499e-03
-4.585026744900936313e-01;-1.779324648042702739e-01;5.974466133367495324e-02;-1.082464048645303059e-02;2.242125777707464768e-02;1.712320534177876052e-02
2.260848514838504908e-01;-3.786970019944658761e-01;-1.972248717280328245e-01;1.111867538163992253e-02;-2.110030667952954644e-02;-1.969349903454903003e-02
-3.337446696502993637e-01;-1.202625951783512503e-01;1.171942271169666983e-01;-3.609327067522136168e-04;-1.696433254045071753e-02;2.391327317647370249e-02
2.622120583141770433e-01;9.171696889240044115e-02;-3.079766308636554539e-01;-1.707398829862952910e-02;-6.266082268013006829e-04;-6.793947157924730418e-03
-1.021413201175924712e-02;2.865660398927560859e-02;-1.655574728818959285e-01;6.969321072704898201e-03;-1.854817955552875638e-02;-3.484178597880454448e-03
5.817118389044073634e-02;-1.529976645878000641e-01;4.328676901266330646e-01;-1.126474835964281877e-02;1.938757623358440541e-02;-2.297071439326524647e-02
5.281487571834908579e-02;2.406635810666259978e-01;-1.498201247595876140e-02;2.068637470032296671e-02;1.664970692765001953e-02;-1.012146417795922737e-02
1.141862443190113652e-01;-2.633902172924926788e-01;-1.650191489319619009e-02;1.446453273385523569e-02;-2.343932198306262343e-02;2.334327751466968442e-02
-5.092148586512412756e-02;7.761308063713368011e-02;7.090705375214478856e-02;1.329747129489466939e-03;-9.835948696727736876e-03;-6.870839370266147716e-03
-1.332016793537316168e-01;-4.005053311270353467e-01;2.665959447120516135e-01;-2.167973232697513464e-02;2.446747570210196232e-02;-2.303540274246537733e-02
1.007921493396191082e-01;2.008656972438799260e-01;-2.147941973195859333e-01;7.745356157392954688e-03;-2.863203614677085201e-03;2.244581090943575247e-02
2.577765603751579482e-01;-2.180816444027483536e-01;-1.819603883054801141e-01;-1.270001298466024234e-02;1.604341196900567479e-03;-8.821895708623524179e-04
4.128008004078617121e-01;1.103630078181569996e-01;4.640707421213208228e-02;1.014332220250506456e-02;-2.159948840237897738e-02;-1.531054349883225786e-02
5.921813176845813764e-02;1.474219375677987554e-02;-4.004202864599710754e-01;-1.427175899535750893e-02;1.190753774208448690e-02;-1.554306518366299628e-02
1.032130620995043158e-01;-4.202849268127150095e-01;1.831142857230465548e-01;3.674588194548834841e-03;-1.423780897495231616e-02;1.808124750419892041e-02
8.172152747347671831e-02;2.663472131046523694e-01;-9.358346342598133916e-02;2.210927272448192510e-02;9.246487471120216906e-04;-7.384555789541086268e-03
1.235053112473372128e-01;-3.687120279951757729e-01;-1.903082888948108842e-01;-1.329711124912504386e-02;-2.251094992384781307e-02;-1.157499619012523212e-02
1.763983689100060426e-01;-1.990336803683783184e-01;-3.159552279497864768e-01;7.711788997265892065e-03;1.680846565460542702e-03;2.220206391404637436e-02
3.836310210102278351e-02;4.132296862792704806e-01;-1.120272456021136342e-01;-5.186136875414970593e-03;9.693167116419723617e-03;-5.338626262439312431e-04
-1.678274779382674664e-01;2.008084180017403186e-01;2.653162995253862677e-01;6.288107962105840554e-04;-1.161128426979412577e-02;-2.252461157900016719e-03
-1.062448584345933034e-01;1.082113767664466542e-01;-5.542649893057149946e-02;-1.460750149364635486e-03;1.033212608744669969e-02;2.203199995930569394e-02
-2.000706025269337607e-01;-2.569133513156973692e-02;-3.319799478073214294e-01;-8.533936125874785200e-03;-2.288997657093507984e-02;-1.852437249680143061e-04
2.010975873642699696e-01;-8.926845650898795892e-02;4.637287977434900732e-03;2.223066607458430016e-03;-1.657797244340424025e-02;1.302323031380333423e-02
2.172618758657564042e-01;8.207013112422356649e-02;2.978046813410725191e-01;2.424645542207458371e-02;2.228873585042304845e-02;-1.514469805881739177e-02
-4.312460935775125348e-01;4.971725516331104711e-02;-8.283572102429792583e-02;1.876816199503803656e-02;1.022468182058423880e-02;-2.307671809654420619e-03
-2.837363480473831245e-02;-2.725183963064600201e-01;-3.338150003902508045e-01;2.030549716236451641e-03;1.748000874912290781e-02;-9.932530180813414766e-04
-6.716007894282771673e-02;3.554247309779823283e-02;-2.301660738234623249e-02;-6.339631544743658254e-03;-3.376253487007083165e-04;3.956490201752455027e-03
-1.641836353584654740e-01;1.150697540146979891e-01;4.269075621458641168e-01;-1.554611731108255894e-02;2.004538651334953486e-02;8.709347441480691510e-03
-6.043705822710132569e-02;1.046013134644130371e-02;-2.412075916354760041e-01;6.663445866874444234e-03;-2.002518869096809456e-02;5.208696908629590477e-03
-2.124888006162409804e-01;3.822010186847524249e-02;3.332354785960500720e-02;-1.895196688807538471e-02;-2.106511624023004944e-02;1.365544782119663958e-03
3.533171866665860694e-01;-1.666971705762798628e-03;1.032454226840298084e-01;-4.860723297675249854e-03;4.440513507811161276e-03;-2.053889159713807172e-02
-1.154841862937334707e-01;-1.530410496224141603e-01;-6.819290489222273877e-02;-3.450846857637079879e-03;-1.626066424774210220e-02;2.435500429620583024e-02
7.648890313986589362e-02;-1.579305653424446509e-01;3.099787436834724463e-01;3.057510621758720293e-03;9.371843047043366959e-03;-8.729085965869610997e-03
2.180141781270015233e-01;-1.279564321877926236e-01;-4.075504829629333914e-01;-2.026305426103279517e-02;2.379354313917683011e-02;-1.068704823084084057e-02
-8.980237331089990782e-03;-1.792664176884287697e-01;-3.077420815319080738e-01;-3.809590741321290663e-03;7.493196085128751849e-03;-2.376513511569443640e-02
-5.528722314166423235e-02;7.654498995114000781e-02;4.833407684142265737e-01;1.551295652586434648e-02;1.828909501431014856e-03;-1.108914064655889403e-02
1.073244167930659243e-01;-4.114216603633559233e-01;1.768722758275764750e-01;-2.191960073537653833e-02;-1.687507922627792811e-02;1.975169294267184461e-02
4.480108527609838465e-02;-3.743565075876860160e-01;-2.102720162617853772e-01;9.301211196794549607e-03;-1.250491391815550940e-02;-2.171996175274852614e-02
2.040314525916568922e-01;-2.825470677827640609e-01;-1.333211202970185916e-01;9.530765619331818539e-03;3.620386298388254820e-03;-4.774023777088250153e-03
2.662454727603789095e-01;-1.959053640287161668e-01;3.116270144448535229e-01;-6.819427540496809936e-03;-1.415928620354458579e-02;8.480562826875884253e-03
-3.436378583551249477e-01;2.517981635869329660e-01;6.826861626876834510e-02;2.353340138969352985e-02;-1.621423770815870816e-02;4.855831000775169548e-03
7.931340278846088498e-02;3.890006108146658592e-01;6.930498441220200867e-02;-3.790747212701190555e-03;-2.665563912766753807e-03;-1.229263599360928133e-02
-2.671414431239057530e-01;-7.998270567917242779e-03;-1.897647162552952294e-01;1.625674378307095241e-02;-7.372197926379456256e-04;2.170292609913204024e-03
-2.418923568265852753e-01;-3.601458255961920152e-02;-3.667157419178268540e-01;-9.761954360133712552e-03;-1.590957671665251330e-02;-2.070448058985897843e-02
3.343247957493985512e-01;7.735340121966771676e-02;1.464073752280889984e-01;1.070595704624579397e-02;-1.518828591560721954e-02;9.503767709439885081e-03
1.389630219732845839e-01;-4.185527871088408070e-01;-6.498540565977661831e-02;-5.481177697652307723e-03;-4.211259950517427103e-03;-1.541125195361415373e-03
1.916434019733181948e-01;2.950115369284703748e-01;-3.366455502568435065e-01;-6.614574593622839921e-03;-1.996900113887049855e-02;-9.518409499857711023e-03
2.818926175635616538e-02;-3.273900399249740634e-02;-3.932881808976457227e-01;8.186718034696921498e-03;8.289220073443549774e-03;-1.068878463800028260e-02
1.473421343730911826e-01;-3.716500733853052019e-01;1.501871664456533306e-01;-1.994868672115603092e-03;-1.532763859940312716e-02;-1.448139592350821195e-02
-7.310527217669737787e-02;-3.097506028211649554e-02;4.285555328941359488e-01;-2.384764557966963239e-02;1.983732749538723306e-02;-1.446466674625469101e-02
1.622321583295930347e-01;2.153223105291356410e-01;-2.318567703880791697e-01;-1.362330615317683402e-02;-1.101992836774341039e-02;-1.862959641522855120e-02
3.771204676622880170e-01;-2.568200197357740633e-01;5.057063454136423442e-02;6.963144159068138106e-03;-2.124285234112067294e-02;-1.828987868368248809e-02
4.647636102537644476e-02;-4.086467572764441725e-01;2.566465493523988339e-01;7.237836329504643285e-03;-8.016968975927862145e-03;1.039739133505945129e-02
7.277027668694580065e-02;3.194956853860523305e-01;-1.732611094313664113e-01;2.871237233507101250e-03;-1.219894134692434823e-02;7.541397524466406099e-03
-2.941180118216788486e-01;-1.475189530566488605e-01;-3.738898583213750015e-01;-1.918631598535596935e-02;1.820519154001519480e-03;-3.142594747748268108e-03
1.182850210137198488e-01;2.814620887547092387e-01;2.032772277324516041e-01;-1.160632085912796131e-02;5.200249886975004399e-03;1.856667961701412989e-02
3.508527573220954210e-01;-2.138649575416856630e-01;1.404472739932528524e-01;2.494523498815384016e-02;5.388138437171223483e-03;-4.764706283541492865e-03
7.979284383295504046e-02;-3.334964529504849118e-01;2.122202051771586717e-01;-1.373964498918991972e-02;-1.214519553024441360e-02;-1.027251092511716896e-03
-3.533854428401577152e-01;1.459278930230393234e-01;-2.671208538481849581e-01;-6.636114935964537026e-03;2.069072613124721405e-02;-6.585226617214525596e-03
2.548274583623312273e-01;-1.905374235538176420e-01;-5.202834361781005779e-02;-6.327770442728225531e-03;-5.823274378301150633e-03;1.683101051838290646e-02
-2.051827616532331255e-01;-1.454517911713926193e-01;6.459408129032151447e-02;7.539416042345092883e-03;5.708442515944635309e-03;-8.292848880806891199e-03
-4.711663958448830680e-02;4.457151084410244657e-01;1.768200436300469969e-01;1.589520884162197445e-02;-2.308180693221494398e-02;1.853985861690565784e-02
-3.696795668276641189e-01;1.434289495173307616e-01;-3.028170180319337268e-01;6.374949896964798857e-04;-5.087488256829357514e-03;-1.416359641157154126e-04
3.214712527761908190e-01;-1.459354376449059076e-01;1.558207673273928062e-01;8.370776526691554864e-03;-2.436172867410513199e-02;1.857759282291238795e-02
4.101961241446964168e-01;-1.171666052315647466e-01;1.306352949830804633e-01;-2.663023734430357281e-03;-7.851674014996090634e-03;-1.808772171829714503e-02
3.230035744469347270e-01;-2.649687011880813570e-01;1.522811128184462515e-01;-3.026731282077893548e-03;-1.838614357810575139e-04;-4.817665275326111357e-03
-2.282824011018202981e-01;3.159557894152066337e-01;-1.216843928347405290e-01;8.933004691344850756e-03;-3.955173562038699631e-03;2.307087889232866534e-02
1.296835952592029217e-01;-8.383905359384224987e-02;-3.334614865027299979e-01;4.963875891179591465e-03;1.537389678259545173e-02;-1.953220484452605765e-02
3.429454824561971593e-01;-5.411338014019217990e-02;2.085835457678252292e-01;-5.135435352704713352e-03;-8.157614927642366232e-03;3.474119406829588586e-03
1.373021565380239117e-01;-4.293033918156338169e-01;-1.384598122370434004e-01;1.805567600307127901e-02;-2.108308911189966939e-02;-2.137126009776446275e-02
3.160567571143235721e-01;-6.793271493338226552e-02;2.963907226197088907e-01;1.751588540787994697e-02;-1.435749569808212993e-02;8.437662722490683886e-03
1.043044198214788665e-01;1.300186806188273758e-01;-8.261705819952669394e-02;2.143906618040258838e-03;1.664467974436147774e-02;-1.874555450817982569e-02
3.131420044817254666e-01;8.843124045345229778e-02;-2.892369005700937690e-01;-1.851085171386943756e-02;2.840918013915377099e-03;2.231893266791854652e-02
-8.437221797084482056e-02;-2.416995708724077874e-01;3.670116069106004186e-01;-4.250112081462288638e-03;-8.652894987265253440e-03;5.334466159894291765e-03
-2.957435320636035980e-01;1.268026300648439353e-01;-1.412574894571113626e-01;2.152243002725155729e-02;1.684639164223118712e-02;2.477418053666099323e-02
-7.632951298751078362e-03;-3.076842272156494751e-01;-3.606373654510908189e-02;-2.387157083988114548e-02;-1.935709276436188911e-02;5.473388168331101700e-03
4.522640145333722828e-01;3.305529009471119828e-02;1.315443786761603118e-01;1.602882196669248860e-02;-1.073778288466167331e-02;-1.303944559828906259e-02
-4.008538877223760677e-01;1.229540441833817388e-01;-5.312580479956108270e-02;1.434878996906004817e-02;-2.218090730733842178e-02;-6.530867620870746404e-03
-9.366776903623219575e-02;4.265853832183811312e-01;2.104218150124117503e-01;2.904611296164864853e-04;3.017433717516171399e-03;1.143075783963884429e-02
-3.252150121166340613e-01;1.480303180552141606e-01;-2.545455374610695598e-01;-7.257713828467089040e-03;5.634217233730358376e-03;4.268771139547815341e-03
-1.106102203331265077e-01;2.326126992403987348e-01;1.847251638810045726e-01;2.380805032687356021e-03;7.024164657110608390e-03;-1.202754144659618635e-02
2.697314182968801877e-01;3.109351926726106052e-01;-9.964337316016935731e-02;-2.076756232076855391e-02;-1.903641639801283147e-02;-1.377088086730494758e-02
-4.277868146648120540e-01;1.844353610693074685e-01;3.220414858634446098e-03;9.896776139262791760e-06;1.702213752730100810e-02;1.006466710441920875e-02
